Date,CallsPresented,Avg_Queue_Time__seconds_,Max_Queue_Time__seconds_,CallsHandled,Avg_Speedof_Answer__seconds_,Avg_Handle_Time__seconds_,Max_Handle_Time__seconds_,CallsAbandoned,Avg_Time_toAbandon__seconds_,Max_Time_to_Abandon__seconds_,Avg_Abandon_Per_Day,Max_Abandon_Per_Day,Calls_Dequeued,Avg__Time_to_Dequeue__seconds_,MaxTime_toDequeue__seconds_,Calls_Handled_by_Other,Total_Calls_Handled,Abandoned_Call__,Day_of_Week,Month_of_Year,Year,Month_and_Year,FID
2013-02-15T05:00:00.000Z,27,4,14,24,4,146,547,3,2,5,3,3,0,0,0,0,24,11.11%,6,Feb,2013,2013-02-01T05:00:00.000Z,1
2013-02-18T05:00:00.000Z,352,34,358,299,30,167,749,53,57,176,53,53,0,0,0,0,299,15.06%,2,Feb,2013,2013-02-01T05:00:00.000Z,2
2013-02-19T05:00:00.000Z,272,43,341,252,41,186,746,20,79,226,20,20,0,0,0,0,252,7.35%,3,Feb,2013,2013-02-01T05:00:00.000Z,3
2013-02-20T05:00:00.000Z,361,35,228,332,33,195,5506,29,58,140,29,29,0,0,0,0,332,8.03%,4,Feb,2013,2013-02-01T05:00:00.000Z,4
2013-02-22T05:00:00.000Z,318,35,278,284,30,184,818,34,82,210,34,34,0,0,0,0,284,10.69%,6,Feb,2013,2013-02-01T05:00:00.000Z,5
2013-02-25T05:00:00.000Z,412,52,396,350,46,165,766,62,85,358,62,62,0,0,0,0,350,15.05%,2,Feb,2013,2013-02-01T05:00:00.000Z,6
2013-02-26T05:00:00.000Z,348,55,379,298,49,171,583,50,87,226,50,50,0,0,0,0,298,14.37%,3,Feb,2013,2013-02-01T05:00:00.000Z,7
2013-02-27T05:00:00.000Z,371,55,415,314,49,175,844,57,90,370,57,57,0,0,0,0,314,15.36%,4,Feb,2013,2013-02-01T05:00:00.000Z,8
2013-02-28T05:00:00.000Z,297,56,356,262,49,186,718,35,104,356,35,35,0,0,0,0,262,11.78%,5,Feb,2013,2013-02-01T05:00:00.000Z,9
2013-03-01T05:00:00.000Z,310,51,436,268,45,193,915,36,82,365,36,36,0,0,0,6,268,11.84%,6,Mar,2013,2013-03-01T05:00:00.000Z,10
2013-12-09T05:00:00.000Z,808,35,217,739,33,111,413,64,56,175,32,64,5,130,172,0,744,7.92%,2,Dec,2013,2013-12-01T05:00:00.000Z,11
2013-03-04T05:00:00.000Z,452,61,340,381,56,169,1098,57,77,340,57,57,0,0,0,14,381,13.01%,2,Mar,2013,2013-03-01T05:00:00.000Z,12
2013-12-10T05:00:00.000Z,630,24,327,594,23,123,555,34,40,147,17,34,2,111,120,0,596,5.4%,3,Dec,2013,2013-12-01T05:00:00.000Z,13
2013-03-05T05:00:00.000Z,362,46,2143,328,37,168,795,30,135,2143,30,30,0,0,0,4,328,8.38%,3,Mar,2013,2013-03-01T05:00:00.000Z,14
2013-12-11T05:00:00.000Z,504,15,147,489,14,120,506,13,33,99,6.5,13,2,117,147,0,491,2.58%,4,Dec,2013,2013-12-01T05:00:00.000Z,15
2013-03-06T05:00:00.000Z,426,39,333,364,34,167,692,54,66,220,54,54,8,110,152,0,372,12.68%,4,Mar,2013,2013-03-01T05:00:00.000Z,16
2013-12-12T05:00:00.000Z,549,29,265,508,28,121,751,40,36,163,20,40,1,107,107,0,509,7.29%,5,Dec,2013,2013-12-01T05:00:00.000Z,17
2013-03-07T05:00:00.000Z,343,60,416,299,54,160,939,39,87,320,39,39,5,190,416,0,304,11.37%,5,Mar,2013,2013-03-01T05:00:00.000Z,18
2013-12-13T05:00:00.000Z,615,30,211,581,29,114,602,31,41,123,15.5,31,3,131,155,0,584,5.04%,6,Dec,2013,2013-12-01T05:00:00.000Z,19
2013-03-08T05:00:00.000Z,293,42,324,267,37,151,1028,20,69,201,20,20,6,149,241,0,273,6.83%,6,Mar,2013,2013-03-01T05:00:00.000Z,20
2013-12-16T05:00:00.000Z,673,39,266,595,37,119,638,72,49,213,36,72,6,116,177,0,601,10.7%,2,Dec,2013,2013-12-01T05:00:00.000Z,21
2013-03-11T04:00:00.000Z,362,55,346,311,48,151,605,43,97,318,43,43,8,127,215,0,319,11.88%,2,Mar,2013,2013-03-01T05:00:00.000Z,22
2013-12-17T05:00:00.000Z,462,19,181,436,19,120,537,25,30,105,12.5,25,1,106,106,0,437,5.41%,3,Dec,2013,2013-12-01T05:00:00.000Z,23
2013-03-12T04:00:00.000Z,330,50,436,298,46,150,1026,28,69,182,28,28,4,169,308,0,302,8.48%,3,Mar,2013,2013-03-01T05:00:00.000Z,24
2013-03-13T04:00:00.000Z,297,26,293,276,22,148,567,16,69,251,16,16,5,113,143,0,281,5.39%,4,Mar,2013,2013-03-01T05:00:00.000Z,25
2013-12-18T05:00:00.000Z,479,28,233,437,26,124,933,40,44,190,20,40,2,132,178,0,439,8.35%,4,Dec,2013,2013-12-01T05:00:00.000Z,26
2013-03-14T04:00:00.000Z,286,50,372,247,43,168,656,30,82,304,30,30,9,136,188,0,256,10.49%,5,Mar,2013,2013-03-01T05:00:00.000Z,27
2013-12-19T05:00:00.000Z,458,28,285,419,25,114,544,33,53,147,16.5,33,6,113,187,0,425,7.21%,5,Dec,2013,2013-12-01T05:00:00.000Z,28
2013-03-15T04:00:00.000Z,303,29,314,277,26,157,825,21,38,153,21,21,5,133,171,0,282,6.93%,6,Mar,2013,2013-03-01T05:00:00.000Z,29
2013-12-20T05:00:00.000Z,350,15,207,334,15,103,478,16,22,89,8,16,0,0,0,0,334,4.57%,6,Dec,2013,2013-12-01T05:00:00.000Z,30
2013-03-18T04:00:00.000Z,287,27,201,267,24,166,803,19,54,129,9.5,19,1,101,101,0,268,6.62%,2,Mar,2013,2013-03-01T05:00:00.000Z,31
2013-12-23T05:00:00.000Z,440,13,187,421,12,121,606,18,34,119,9,18,1,97,97,0,422,4.09%,2,Dec,2013,2013-12-01T05:00:00.000Z,32
2013-12-24T05:00:00.000Z,147,5,113,142,4,109,379,4,29,113,2,4,1,78,78,0,143,2.72%,3,Dec,2013,2013-12-01T05:00:00.000Z,33
2013-03-19T04:00:00.000Z,319,52,356,277,46,152,570,31,61,199,15.5,31,11,181,356,0,288,9.72%,3,Mar,2013,2013-03-01T05:00:00.000Z,34
2013-03-20T04:00:00.000Z,288,40,384,260,38,146,501,22,50,167,11,22,6,95,126,0,266,7.64%,4,Mar,2013,2013-03-01T05:00:00.000Z,35
2013-12-26T05:00:00.000Z,339,8,105,329,8,113,584,10,17,86,5,10,0,0,0,0,329,2.95%,5,Dec,2013,2013-12-01T05:00:00.000Z,36
2013-12-27T05:00:00.000Z,379,19,216,362,18,118,594,16,39,172,8,16,1,181,181,0,363,4.22%,6,Dec,2013,2013-12-01T05:00:00.000Z,37
2013-03-22T04:00:00.000Z,364,39,434,337,33,166,560,21,109,339,10.5,21,6,134,143,0,343,5.77%,6,Mar,2013,2013-03-01T05:00:00.000Z,38
2013-12-30T05:00:00.000Z,493,29,305,448,26,125,1181,37,43,156,18.5,37,8,110,165,0,456,7.51%,2,Dec,2013,2013-12-01T05:00:00.000Z,39
2013-03-25T04:00:00.000Z,443,25,305,411,24,152,611,27,30,154,13.5,27,5,123,153,0,416,6.09%,2,Mar,2013,2013-03-01T05:00:00.000Z,40
2013-12-31T05:00:00.000Z,336,17,184,316,16,119,589,18,40,184,9,18,2,86,99,0,318,5.36%,3,Dec,2013,2013-12-01T05:00:00.000Z,41
2013-03-26T04:00:00.000Z,404,31,350,369,29,156,628,29,42,113,14.5,29,6,105,146,0,375,7.18%,3,Mar,2013,2013-03-01T05:00:00.000Z,42
2014-01-02T05:00:00.000Z,546,27,296,501,24,130,2230,37,48,231,18.5,37,8,103,126,0,509,6.78%,5,Jan,2014,2014-01-01T05:00:00.000Z,43
2013-03-27T04:00:00.000Z,368,24,281,345,23,184,11820,22,43,139,11,22,1,122,122,0,346,5.98%,4,Mar,2013,2013-03-01T05:00:00.000Z,44
2014-01-03T05:00:00.000Z,665,30,592,619,28,122,754,43,43,410,21.5,43,3,187,328,0,622,6.47%,6,Jan,2014,2014-01-01T05:00:00.000Z,45
2013-04-01T04:00:00.000Z,690,45,284,590,43,119,500,82,52,190,41,82,17,104,163,0,607,11.9%,2,Apr,2013,2013-04-01T04:00:00.000Z,46
2014-01-06T05:00:00.000Z,668,19,218,630,17,111,892,35,41,136,17.5,35,3,94,100,0,633,5.24%,2,Jan,2014,2014-01-01T05:00:00.000Z,47
2013-04-02T04:00:00.000Z,577,61,477,464,56,143,3661,90,71,305,45,90,22,121,231,0,486,15.63%,3,Apr,2013,2013-04-01T04:00:00.000Z,48
2013-04-03T04:00:00.000Z,489,29,494,437,26,139,678,44,44,177,22,44,8,113,142,0,445,9%,4,Apr,2013,2013-04-01T04:00:00.000Z,49
2014-01-07T05:00:00.000Z,1143,46,294,963,43,91,1296,155,57,203,77.5,155,25,102,159,0,988,13.56%,3,Jan,2014,2014-01-01T05:00:00.000Z,50
2013-04-04T04:00:00.000Z,458,39,392,409,34,136,713,40,66,184,20,40,9,141,346,0,418,8.73%,5,Apr,2013,2013-04-01T04:00:00.000Z,51
2014-01-08T05:00:00.000Z,1194,49,294,1010,44,95,1271,160,67,276,80,160,24,99,175,0,1034,13.4%,4,Jan,2014,2014-01-01T05:00:00.000Z,52
2013-04-05T04:00:00.000Z,425,27,258,382,24,142,630,39,43,191,19.5,39,4,111,137,0,386,9.18%,6,Apr,2013,2013-04-01T04:00:00.000Z,53
2014-01-09T05:00:00.000Z,758,32,214,689,29,109,1280,58,47,131,29,58,11,103,170,0,700,7.65%,5,Jan,2014,2014-01-01T05:00:00.000Z,54
2013-04-08T04:00:00.000Z,633,35,223,555,33,132,1001,74,46,191,37,74,4,100,132,0,559,11.69%,2,Apr,2013,2013-04-01T04:00:00.000Z,55
2014-01-10T05:00:00.000Z,866,41,364,753,38,121,1465,97,54,229,48.5,97,16,106,176,0,769,11.2%,6,Jan,2014,2014-01-01T05:00:00.000Z,56
2013-04-09T04:00:00.000Z,596,40,288,517,36,128,592,65,55,162,32.5,65,14,100,130,0,531,10.91%,3,Apr,2013,2013-04-01T04:00:00.000Z,57
2014-01-13T05:00:00.000Z,991,48,306,864,45,109,602,108,60,282,54,108,19,106,207,0,883,10.9%,2,Jan,2014,2014-01-01T05:00:00.000Z,58
2013-04-10T04:00:00.000Z,376,13,175,353,12,129,451,21,23,132,10.5,21,2,92,95,0,355,5.59%,4,Apr,2013,2013-04-01T04:00:00.000Z,59
2014-01-14T05:00:00.000Z,651,29,236,606,28,122,581,42,45,145,21,42,3,146,236,0,609,6.45%,3,Jan,2014,2014-01-01T05:00:00.000Z,60
2014-01-15T05:00:00.000Z,609,31,237,559,28,130,889,45,50,177,22.5,45,5,113,161,0,564,7.39%,4,Jan,2014,2014-01-01T05:00:00.000Z,61
2013-04-11T04:00:00.000Z,320,16,247,303,16,152,706,16,26,176,8,16,1,64,64,0,304,5%,5,Apr,2013,2013-04-01T04:00:00.000Z,62
2014-01-16T05:00:00.000Z,541,34,795,468,23,133,871,58,102,795,29,48,15,118,168,0,483,10.72%,5,Jan,2014,2014-01-01T05:00:00.000Z,63
2013-04-12T04:00:00.000Z,341,12,160,323,12,136,628,18,10,131,9,18,0,0,0,0,323,5.28%,6,Apr,2013,2013-04-01T04:00:00.000Z,64
2014-01-17T05:00:00.000Z,563,24,1334,522,20,117,910,38,72,1334,19,38,3,124,156,0,525,6.75%,6,Jan,2014,2014-01-01T05:00:00.000Z,65
2013-04-15T04:00:00.000Z,456,25,234,434,24,130,657,19,41,115,9.5,19,3,120,133,0,437,4.17%,2,Apr,2013,2013-04-01T04:00:00.000Z,66
2014-01-21T05:00:00.000Z,777,35,231,690,32,117,1305,75,49,149,37.5,75,12,117,172,0,702,9.65%,3,Jan,2014,2014-01-01T05:00:00.000Z,67
2013-04-16T04:00:00.000Z,414,21,201,389,20,138,900,25,35,146,12.5,25,0,0,0,0,389,6.04%,3,Apr,2013,2013-04-01T04:00:00.000Z,68
2014-01-22T05:00:00.000Z,589,18,208,562,17,118,991,25,31,158,12.5,25,2,89,95,0,564,4.24%,4,Jan,2014,2014-01-01T05:00:00.000Z,69
2014-01-23T05:00:00.000Z,464,11,135,445,10,125,1233,18,15,48,9,18,1,125,125,0,446,3.88%,5,Jan,2014,2014-01-01T05:00:00.000Z,70
2013-04-17T04:00:00.000Z,504,54,6361,438,30,140,796,55,210,6361,27.5,48,11,238,1238,0,449,10.91%,4,Apr,2013,2013-04-01T04:00:00.000Z,71
2014-01-24T05:00:00.000Z,477,28,255,438,26,124,784,37,47,200,18.5,37,2,131,133,0,440,7.76%,6,Jan,2014,2014-01-01T05:00:00.000Z,72
2013-04-18T04:00:00.000Z,398,39,3766,364,23,137,680,27,243,3766,13.5,27,7,129,305,0,371,6.78%,5,Apr,2013,2013-04-01T04:00:00.000Z,73
2014-01-27T05:00:00.000Z,941,55,348,772,53,106,760,143,56,173,71.5,143,26,120,230,0,798,15.2%,2,Jan,2014,2014-01-01T05:00:00.000Z,74
2013-04-19T04:00:00.000Z,369,22,216,347,20,148,833,20,49,156,10,20,2,88,97,0,349,5.42%,6,Apr,2013,2013-04-01T04:00:00.000Z,75
2014-01-28T05:00:00.000Z,637,16,182,595,15,101,496,37,25,92,18.5,37,5,129,182,0,600,5.81%,3,Jan,2014,2014-01-01T05:00:00.000Z,76
2013-04-22T04:00:00.000Z,665,72,338,522,67,131,647,107,74,338,53.5,107,36,132,253,0,558,16.09%,2,Apr,2013,2013-04-01T04:00:00.000Z,77
2014-01-29T05:00:00.000Z,1052,47,366,899,44,106,1052,133,57,222,66.5,133,20,108,154,0,919,12.64%,4,Jan,2014,2014-01-01T05:00:00.000Z,78
2013-04-23T04:00:00.000Z,638,67,325,512,63,141,831,100,74,317,50,100,26,133,249,0,538,15.67%,3,Apr,2013,2013-04-01T04:00:00.000Z,79
2014-01-30T05:00:00.000Z,649,30,358,599,27,113,1089,42,60,358,21,42,8,100,129,0,607,6.47%,5,Jan,2014,2014-01-01T05:00:00.000Z,80
2013-04-24T04:00:00.000Z,499,48,353,431,45,131,903,58,59,270,29,58,10,94,122,0,441,11.62%,4,Apr,2013,2013-04-01T04:00:00.000Z,81
2014-01-31T05:00:00.000Z,707,31,215,635,29,122,1190,65,47,212,32.5,65,7,109,143,0,642,9.19%,6,Jan,2014,2014-01-01T05:00:00.000Z,82
2013-04-25T04:00:00.000Z,488,34,265,439,31,146,930,38,46,147,19,38,11,105,140,0,450,7.79%,5,Apr,2013,2013-04-01T04:00:00.000Z,83
2014-02-03T05:00:00.000Z,918,69,533,732,66,128,908,148,76,300,74,148,38,110,288,0,770,16.12%,2,Feb,2014,2014-02-01T05:00:00.000Z,84
2013-04-26T04:00:00.000Z,352,16,356,335,15,135,520,15,42,134,7.5,15,2,108,127,0,337,4.26%,6,Apr,2013,2013-04-01T04:00:00.000Z,85
2014-02-04T05:00:00.000Z,736,53,267,619,50,131,828,100,62,258,50,100,17,127,185,0,636,13.59%,3,Feb,2014,2014-02-01T05:00:00.000Z,86
2013-04-29T04:00:00.000Z,488,86,816,389,82,139,717,76,90,714,38,76,22,153,406,0,411,15.61%,2,Apr,2013,2013-04-01T04:00:00.000Z,87
2014-02-05T05:00:00.000Z,859,51,339,756,48,127,753,88,64,191,44,88,15,116,154,0,771,10.24%,4,Feb,2014,2014-02-01T05:00:00.000Z,88
2013-05-01T04:00:00.000Z,479,42,298,429,39,138,668,42,60,184,21,42,8,108,207,0,437,8.77%,4,May,2013,2013-05-01T04:00:00.000Z,89
2014-02-06T05:00:00.000Z,1081,48,303,927,46,122,753,140,54,262,70,140,14,109,180,0,941,12.95%,5,Feb,2014,2014-02-01T05:00:00.000Z,90
2013-05-02T04:00:00.000Z,506,53,386,427,50,148,730,66,63,185,33,66,13,116,191,0,440,13.04%,5,May,2013,2013-05-01T04:00:00.000Z,91
2014-02-07T05:00:00.000Z,878,52,395,766,50,125,1022,99,52,378,49.5,99,13,138,395,0,779,11.28%,6,Feb,2014,2014-02-01T05:00:00.000Z,92
2014-02-10T05:00:00.000Z,1219,59,926,1046,57,124,763,146,65,926,73,146,27,102,143,0,1073,11.98%,2,Feb,2014,2014-02-01T05:00:00.000Z,93
2014-02-11T05:00:00.000Z,856,55,415,727,51,124,830,109,67,298,54.5,109,20,129,292,0,747,12.73%,3,Feb,2014,2014-02-01T05:00:00.000Z,94
2014-02-12T05:00:00.000Z,892,43,273,757,39,130,670,114,59,247,57,114,21,105,166,0,778,12.78%,4,Feb,2014,2014-02-01T05:00:00.000Z,95
2014-02-13T05:00:00.000Z,870,49,411,768,47,133,1375,91,60,301,45.5,91,11,100,165,0,779,10.46%,5,Feb,2014,2014-02-01T05:00:00.000Z,96
2014-02-14T05:00:00.000Z,787,21,165,736,19,131,895,49,35,150,24.5,49,2,90,90,0,738,6.23%,6,Feb,2014,2014-02-01T05:00:00.000Z,97
2014-02-17T05:00:00.000Z,718,38,380,628,35,113,1499,84,59,314,42,84,6,119,265,0,634,11.7%,2,Feb,2014,2014-02-01T05:00:00.000Z,98
2014-02-18T05:00:00.000Z,846,39,306,764,37,118,851,74,50,185,37,74,8,95,124,0,772,8.75%,3,Feb,2014,2014-02-01T05:00:00.000Z,99
2014-02-19T05:00:00.000Z,755,34,232,686,31,120,769,62,57,187,31,62,7,98,122,0,693,8.21%,4,Feb,2014,2014-02-01T05:00:00.000Z,100
2013-05-03T04:00:00.000Z,449,42,293,409,40,147,533,34,50,209,17,34,6,130,178,0,415,7.57%,6,May,2013,2013-05-01T04:00:00.000Z,101
2013-05-06T04:00:00.000Z,605,63,316,507,60,146,852,81,70,242,40.5,81,17,121,196,0,524,13.39%,2,May,2013,2013-05-01T04:00:00.000Z,102
2013-05-07T04:00:00.000Z,598,62,416,507,59,144,813,74,67,341,37,74,17,130,261,0,524,12.37%,3,May,2013,2013-05-01T04:00:00.000Z,103
2013-05-08T04:00:00.000Z,509,62,384,393,56,142,915,96,70,371,96,96,20,128,269,0,413,18.86%,4,May,2013,2013-05-01T04:00:00.000Z,104
2013-05-09T04:00:00.000Z,469,35,466,425,32,145,572,37,51,269,18.5,37,7,122,232,0,432,7.89%,5,May,2013,2013-05-01T04:00:00.000Z,105
2013-05-10T04:00:00.000Z,536,47,545,464,42,148,1027,67,73,384,67,67,5,123,141,0,469,12.5%,6,May,2013,2013-05-01T04:00:00.000Z,106
2013-05-13T04:00:00.000Z,580,51,427,495,47,150,888,68,65,189,68,68,17,122,188,0,512,11.72%,2,May,2013,2013-05-01T04:00:00.000Z,107
2013-05-14T04:00:00.000Z,552,49,294,482,48,147,664,64,50,277,32,64,6,127,153,0,488,11.59%,3,May,2013,2013-05-01T04:00:00.000Z,108
2013-05-15T04:00:00.000Z,572,59,426,479,54,142,617,77,73,288,38.5,77,16,140,309,0,495,13.46%,4,May,2013,2013-05-01T04:00:00.000Z,109
2013-05-16T04:00:00.000Z,628,115,635,424,115,131,1129,156,107,635,78,156,48,144,397,0,472,24.84%,5,May,2013,2013-05-01T04:00:00.000Z,110
2013-05-17T04:00:00.000Z,543,83,520,406,77,214,28545,110,91,498,55,110,27,133,322,0,433,20.26%,6,May,2013,2013-05-01T04:00:00.000Z,111
2013-05-20T04:00:00.000Z,546,42,395,489,39,135,599,47,58,316,23.5,47,10,121,190,0,499,8.61%,2,May,2013,2013-05-01T04:00:00.000Z,112
2013-05-21T04:00:00.000Z,615,50,443,547,47,138,754,59,66,380,29.5,59,9,123,186,0,556,9.59%,3,May,2013,2013-05-01T04:00:00.000Z,113
2013-05-22T04:00:00.000Z,493,49,395,422,43,151,862,57,75,395,28.5,57,14,116,185,0,436,11.56%,4,May,2013,2013-05-01T04:00:00.000Z,114
2013-05-23T04:00:00.000Z,463,32,220,420,31,135,596,43,36,220,21.5,43,0,0,0,0,420,9.29%,5,May,2013,2013-05-01T04:00:00.000Z,115
2014-02-20T05:00:00.000Z,796,44,325,711,41,125,999,79,63,274,39.5,79,6,131,197,0,717,9.92%,5,Feb,2014,2014-02-01T05:00:00.000Z,116
2013-05-24T04:00:00.000Z,436,31,305,403,28,141,691,29,54,181,29,29,4,185,305,0,407,6.65%,6,May,2013,2013-05-01T04:00:00.000Z,117
2014-02-21T05:00:00.000Z,697,32,281,635,30,129,908,56,48,207,28,56,6,108,161,0,641,8.03%,6,Feb,2014,2014-02-01T05:00:00.000Z,118
2013-05-28T04:00:00.000Z,664,59,357,562,56,129,1229,79,61,236,79,79,23,123,175,0,585,11.9%,3,May,2013,2013-05-01T04:00:00.000Z,119
2014-02-24T05:00:00.000Z,585,27,278,535,24,128,1007,39,36,142,19.5,39,11,116,157,0,546,6.67%,2,Feb,2014,2014-02-01T05:00:00.000Z,120
2013-05-29T04:00:00.000Z,701,60,354,596,58,127,760,88,61,226,88,88,17,116,188,0,613,12.55%,4,May,2013,2013-05-01T04:00:00.000Z,121
2014-02-25T05:00:00.000Z,505,19,198,483,18,130,643,22,41,116,11,22,0,0,0,0,483,4.36%,3,Feb,2014,2014-02-01T05:00:00.000Z,122
2013-05-30T04:00:00.000Z,601,45,403,520,42,143,632,67,50,240,33.5,67,14,134,308,0,534,11.15%,5,May,2013,2013-05-01T04:00:00.000Z,123
2014-02-26T05:00:00.000Z,423,9,119,402,9,130,731,21,7,47,10.5,21,0,0,0,0,402,4.96%,4,Feb,2014,2014-02-01T05:00:00.000Z,124
2013-05-31T04:00:00.000Z,570,53,366,483,50,141,983,73,66,366,36.5,73,14,107,185,0,497,12.81%,6,May,2013,2013-05-01T04:00:00.000Z,125
2013-06-03T04:00:00.000Z,697,52,372,588,48,128,592,92,61,312,46,92,17,123,319,0,605,13.2%,2,Jun,2013,2013-06-01T04:00:00.000Z,126
2014-02-27T05:00:00.000Z,430,11,164,413,10,120,465,15,26,85,7.5,15,2,126,164,0,415,3.49%,5,Feb,2014,2014-02-01T05:00:00.000Z,127
2013-06-04T04:00:00.000Z,749,58,357,639,56,126,1166,93,60,240,46.5,93,17,107,182,0,656,12.42%,3,Jun,2013,2013-06-01T04:00:00.000Z,128
2014-02-28T05:00:00.000Z,496,12,155,465,12,115,536,30,15,91,15,30,1,126,126,0,466,6.05%,6,Feb,2014,2014-02-01T05:00:00.000Z,129
2013-06-05T04:00:00.000Z,633,56,339,535,54,108,1087,83,60,289,83,83,15,111,166,0,550,13.11%,4,Jun,2013,2013-06-01T04:00:00.000Z,130
2014-03-03T05:00:00.000Z,527,13,168,500,12,132,712,25,22,96,12.5,25,2,112,130,0,502,4.74%,2,Mar,2014,2014-03-01T05:00:00.000Z,131
2014-03-04T05:00:00.000Z,462,9,96,440,9,132,676,22,15,74,11,22,0,0,0,0,440,4.76%,3,Mar,2014,2014-03-01T05:00:00.000Z,132
2013-06-06T04:00:00.000Z,739,77,452,571,74,111,473,134,78,271,67,134,34,117,242,0,605,18.13%,5,Jun,2013,2013-06-01T04:00:00.000Z,133
2013-06-07T04:00:00.000Z,566,72,528,448,67,130,828,95,78,273,47.5,95,23,149,387,0,471,16.78%,6,Jun,2013,2013-06-01T04:00:00.000Z,134
2014-03-05T05:00:00.000Z,410,14,585,382,6,138,989,23,93,504,11.5,15,5,244,585,0,387,5.61%,4,Mar,2014,2014-03-01T05:00:00.000Z,135
2013-06-10T04:00:00.000Z,711,48,346,606,45,121,573,91,63,285,91,91,14,117,158,0,620,12.8%,2,Jun,2013,2013-06-01T04:00:00.000Z,136
2014-03-06T05:00:00.000Z,348,13,642,333,9,138,834,14,56,305,7,14,1,642,642,0,334,4.02%,5,Mar,2014,2014-03-01T05:00:00.000Z,137
2013-06-11T04:00:00.000Z,561,34,273,515,32,132,749,39,46,150,39,39,7,134,232,0,522,6.95%,3,Jun,2013,2013-06-01T04:00:00.000Z,138
2014-03-07T05:00:00.000Z,371,5,67,362,5,126,832,9,4,9,4.5,9,0,0,0,0,362,2.43%,6,Mar,2014,2014-03-01T05:00:00.000Z,139
2013-06-12T04:00:00.000Z,450,20,331,421,18,126,590,27,50,331,27,27,2,87,88,0,423,6%,4,Jun,2013,2013-06-01T04:00:00.000Z,140
2014-03-10T04:00:00.000Z,616,25,197,569,23,122,586,42,35,161,21,42,5,100,123,0,574,6.82%,2,Mar,2014,2014-03-01T05:00:00.000Z,141
2013-06-13T04:00:00.000Z,453,20,239,432,18,120,587,20,58,156,20,20,1,109,109,0,433,4.42%,5,Jun,2013,2013-06-01T04:00:00.000Z,142
2014-03-11T04:00:00.000Z,482,12,218,460,11,128,734,21,30,82,10.5,21,1,91,91,0,461,4.36%,3,Mar,2014,2014-03-01T05:00:00.000Z,143
2013-06-14T04:00:00.000Z,490,29,238,458,26,128,698,28,51,149,28,28,4,124,233,0,462,5.71%,6,Jun,2013,2013-06-01T04:00:00.000Z,144
2014-03-12T04:00:00.000Z,458,8,101,452,8,126,690,5,40,86,2.5,5,0,0,0,1,452,1.09%,4,Mar,2014,2014-03-01T05:00:00.000Z,145
2013-06-17T04:00:00.000Z,761,57,295,663,52,117,611,69,75,277,69,69,28,114,189,1,691,9.08%,2,Jun,2013,2013-06-01T04:00:00.000Z,146
2014-03-13T04:00:00.000Z,422,8,153,413,7,115,700,9,35,153,4.5,9,0,0,0,0,413,2.13%,5,Mar,2014,2014-03-01T05:00:00.000Z,147
2013-06-18T04:00:00.000Z,592,40,264,541,38,118,773,48,58,216,48,48,3,112,153,0,544,8.11%,3,Jun,2013,2013-06-01T04:00:00.000Z,148
2014-03-14T04:00:00.000Z,485,17,299,450,16,120,568,33,22,86,16.5,33,2,177,269,0,452,6.8%,6,Mar,2014,2014-03-01T05:00:00.000Z,149
2013-06-19T04:00:00.000Z,568,31,307,514,29,127,573,47,39,181,23.5,47,7,119,220,0,521,8.27%,4,Jun,2013,2013-06-01T04:00:00.000Z,150
2014-03-17T04:00:00.000Z,598,35,530,547,31,126,884,42,73,530,21,42,9,106,168,0,556,7.02%,2,Mar,2014,2014-03-01T05:00:00.000Z,151
2013-06-20T04:00:00.000Z,629,48,332,554,47,128,632,66,50,192,66,66,9,112,209,0,563,10.49%,5,Jun,2013,2013-06-01T04:00:00.000Z,152
2014-03-18T04:00:00.000Z,521,25,215,483,24,124,442,36,41,147,18,36,2,86,91,0,485,6.91%,3,Mar,2014,2014-03-01T05:00:00.000Z,153
2014-03-19T04:00:00.000Z,465,20,368,430,19,127,617,33,27,102,16.5,33,2,147,218,0,432,7.1%,4,Mar,2014,2014-03-01T05:00:00.000Z,154
2013-06-21T04:00:00.000Z,541,51,254,459,48,118,735,69,59,193,34.5,69,13,100,171,0,472,12.75%,6,Jun,2013,2013-06-01T04:00:00.000Z,155
2014-03-20T04:00:00.000Z,668,29,229,610,26,127,932,50,53,191,25,50,8,124,219,0,618,7.49%,5,Mar,2014,2014-03-01T05:00:00.000Z,156
2013-06-24T04:00:00.000Z,685,60,308,582,58,122,829,83,61,222,41.5,83,20,113,212,0,602,12.12%,2,Jun,2013,2013-06-01T04:00:00.000Z,157
2014-03-21T04:00:00.000Z,478,31,259,425,28,138,867,49,49,235,24.5,49,4,121,192,0,429,10.25%,6,Mar,2014,2014-03-01T05:00:00.000Z,158
2013-06-25T04:00:00.000Z,856,67,351,675,65,118,888,144,70,309,72,144,37,109,234,0,712,16.82%,3,Jun,2013,2013-06-01T04:00:00.000Z,159
2014-03-24T04:00:00.000Z,693,35,211,615,33,134,658,70,43,168,35,70,8,97,129,0,623,10.1%,2,Mar,2014,2014-03-01T05:00:00.000Z,160
2013-06-26T04:00:00.000Z,612,53,342,503,49,131,563,91,66,252,45.5,91,18,112,181,0,521,14.87%,4,Jun,2013,2013-06-01T04:00:00.000Z,161
2014-03-25T04:00:00.000Z,568,25,200,518,23,141,786,47,42,141,23.5,47,3,84,93,0,521,8.27%,3,Mar,2014,2014-03-01T05:00:00.000Z,162
2013-06-27T04:00:00.000Z,697,51,278,612,49,119,505,69,57,198,34.5,69,16,118,175,0,628,9.9%,5,Jun,2013,2013-06-01T04:00:00.000Z,163
2014-03-26T04:00:00.000Z,467,21,222,437,19,128,503,27,60,222,13.5,27,3,95,120,0,440,5.78%,4,Mar,2014,2014-03-01T05:00:00.000Z,164
2013-06-28T04:00:00.000Z,593,41,312,513,39,126,685,70,45,183,35,70,10,125,267,0,523,11.8%,6,Jun,2013,2013-06-01T04:00:00.000Z,165
2014-03-27T04:00:00.000Z,441,19,192,415,17,132,641,25,40,152,12.5,25,1,123,123,0,416,5.67%,5,Mar,2014,2014-03-01T05:00:00.000Z,166
2013-07-01T04:00:00.000Z,750,61,312,626,58,122,743,100,62,203,100,100,24,125,196,0,650,13.33%,2,Jul,2013,2013-07-01T04:00:00.000Z,167
2013-07-02T04:00:00.000Z,573,37,279,520,34,123,648,41,58,267,41,41,12,112,179,0,532,7.16%,3,Jul,2013,2013-07-01T04:00:00.000Z,168
2014-03-28T04:00:00.000Z,430,21,224,408,19,130,563,20,41,123,10,20,2,106,134,0,410,4.65%,6,Mar,2014,2014-03-01T05:00:00.000Z,169
2013-07-03T04:00:00.000Z,607,31,204,557,29,118,509,45,36,167,22.5,45,5,128,163,0,562,7.41%,4,Jul,2013,2013-07-01T04:00:00.000Z,170
2014-03-31T04:00:00.000Z,1067,72,384,840,72,120,1132,196,66,240,98,196,31,112,220,0,871,18.37%,2,Mar,2014,2014-03-01T05:00:00.000Z,171
2013-07-05T04:00:00.000Z,702,70,360,552,66,105,672,120,73,327,60,120,30,139,308,0,582,17.09%,6,Jul,2013,2013-07-01T04:00:00.000Z,172
2014-04-01T04:00:00.000Z,857,40,333,746,37,129,719,92,52,226,46,92,19,118,225,0,765,10.74%,3,Apr,2014,2014-04-01T04:00:00.000Z,173
2014-04-02T04:00:00.000Z,755,23,218,712,22,133,976,43,37,137,21.5,43,0,0,0,0,712,5.7%,4,Apr,2014,2014-04-01T04:00:00.000Z,174
2013-07-08T04:00:00.000Z,955,83,426,727,84,115,614,195,71,320,195,195,33,116,270,0,760,20.42%,2,Jul,2013,2013-07-01T04:00:00.000Z,175
2014-04-03T04:00:00.000Z,675,22,186,637,22,120,584,36,26,101,18,36,2,84,87,0,639,5.33%,5,Apr,2014,2014-04-01T04:00:00.000Z,176
2013-07-09T04:00:00.000Z,818,80,407,623,81,131,6948,155,66,331,155,155,40,118,242,0,663,18.95%,3,Jul,2013,2013-07-01T04:00:00.000Z,177
2014-04-04T04:00:00.000Z,611,13,151,589,13,129,875,22,20,131,11,22,0,0,0,0,589,3.6%,6,Apr,2014,2014-04-01T04:00:00.000Z,178
2013-07-10T04:00:00.000Z,793,43,253,669,42,112,713,113,45,203,113,113,11,104,152,0,680,14.25%,4,Jul,2013,2013-07-01T04:00:00.000Z,179
2014-04-07T04:00:00.000Z,1242,51,310,1077,50,113,671,146,51,177,73,146,19,112,160,0,1096,11.76%,2,Apr,2014,2014-04-01T04:00:00.000Z,180
2013-07-11T04:00:00.000Z,721,56,404,623,53,122,632,85,64,388,85,85,13,107,185,0,636,11.79%,5,Jul,2013,2013-07-01T04:00:00.000Z,181
2014-04-08T04:00:00.000Z,909,36,206,830,35,123,803,71,50,137,35.5,71,8,101,171,0,838,7.81%,3,Apr,2014,2014-04-01T04:00:00.000Z,182
2013-07-12T04:00:00.000Z,555,43,306,485,41,130,678,59,53,274,29.5,59,11,109,178,0,496,10.63%,6,Jul,2013,2013-07-01T04:00:00.000Z,183
2014-04-09T04:00:00.000Z,847,29,185,783,27,125,1288,59,46,146,29.5,59,5,105,137,0,788,6.97%,4,Apr,2014,2014-04-01T04:00:00.000Z,184
2013-07-15T04:00:00.000Z,803,58,503,677,55,111,655,108,63,285,54,108,18,135,222,0,695,13.45%,2,Jul,2013,2013-07-01T04:00:00.000Z,185
2014-04-10T04:00:00.000Z,872,38,230,782,36,127,616,80,48,134,40,80,10,111,138,0,792,9.17%,5,Apr,2014,2014-04-01T04:00:00.000Z,186
2014-04-11T04:00:00.000Z,766,30,215,705,28,115,1467,57,56,178,28.5,57,4,97,103,0,709,7.44%,6,Apr,2014,2014-04-01T04:00:00.000Z,187
2014-04-14T04:00:00.000Z,990,43,292,871,41,119,754,102,53,191,51,102,17,118,177,0,888,10.3%,2,Apr,2014,2014-04-01T04:00:00.000Z,188
2014-04-15T04:00:00.000Z,853,50,369,739,46,117,905,101,70,249,50.5,101,13,139,242,0,752,11.84%,3,Apr,2014,2014-04-01T04:00:00.000Z,189
2014-04-16T04:00:00.000Z,841,38,273,756,35,124,492,75,57,237,37.5,75,10,119,273,0,766,8.92%,4,Apr,2014,2014-04-01T04:00:00.000Z,190
2014-04-17T04:00:00.000Z,674,22,177,639,22,121,818,34,31,104,17,34,1,87,87,0,640,5.04%,5,Apr,2014,2014-04-01T04:00:00.000Z,191
2014-04-18T04:00:00.000Z,659,22,176,617,20,123,866,36,39,133,18,36,6,99,126,0,623,5.46%,6,Apr,2014,2014-04-01T04:00:00.000Z,192
2014-04-21T04:00:00.000Z,1271,82,277,937,85,109,680,270,68,267,135,270,64,106,175,0,1001,21.24%,2,Apr,2014,2014-04-01T04:00:00.000Z,193
2014-04-22T04:00:00.000Z,1003,45,392,900,42,120,806,84,59,196,42,84,19,126,233,0,919,8.37%,3,Apr,2014,2014-04-01T04:00:00.000Z,194
2014-04-23T04:00:00.000Z,848,45,286,741,42,129,782,90,56,188,45,90,17,126,215,0,758,10.61%,4,Apr,2014,2014-04-01T04:00:00.000Z,195
2014-04-24T04:00:00.000Z,888,41,252,789,36,125,759,90,73,245,45,90,9,118,237,0,798,10.14%,5,Apr,2014,2014-04-01T04:00:00.000Z,196
2014-04-25T04:00:00.000Z,770,46,262,669,43,130,830,87,57,185,43.5,87,14,112,182,0,683,11.3%,6,Apr,2014,2014-04-01T04:00:00.000Z,197
2014-04-28T04:00:00.000Z,979,54,307,835,51,125,1331,122,69,274,61,122,22,104,147,0,857,12.46%,2,Apr,2014,2014-04-01T04:00:00.000Z,198
2014-04-29T04:00:00.000Z,1077,40,249,980,38,117,899,88,56,187,44,88,9,112,184,0,989,8.17%,3,Apr,2014,2014-04-01T04:00:00.000Z,199
2014-04-30T04:00:00.000Z,1005,47,299,881,44,118,620,100,62,229,50,100,24,113,175,0,905,9.95%,4,Apr,2014,2014-04-01T04:00:00.000Z,200
2013-07-16T04:00:00.000Z,846,88,455,642,88,126,741,161,75,398,80.5,161,43,133,286,0,685,19.03%,3,Jul,2013,2013-07-01T04:00:00.000Z,201
2013-07-17T04:00:00.000Z,730,40,224,634,38,121,738,85,47,151,42.5,85,11,101,140,0,645,11.64%,4,Jul,2013,2013-07-01T04:00:00.000Z,202
2013-07-18T04:00:00.000Z,891,68,430,676,69,145,12956,177,53,312,177,177,38,117,284,0,714,19.87%,5,Jul,2013,2013-07-01T04:00:00.000Z,203
2013-07-19T04:00:00.000Z,573,31,264,522,29,121,838,48,53,229,24,48,3,124,202,0,525,8.38%,6,Jul,2013,2013-07-01T04:00:00.000Z,204
2013-07-22T04:00:00.000Z,850,99,449,643,96,124,1034,147,98,353,73.5,147,60,129,262,0,703,17.29%,2,Jul,2013,2013-07-01T04:00:00.000Z,205
2013-07-23T04:00:00.000Z,773,102,594,560,104,142,970,156,84,382,78,156,57,124,261,0,617,20.18%,3,Jul,2013,2013-07-01T04:00:00.000Z,206
2013-07-24T04:00:00.000Z,708,72,478,572,70,136,839,103,66,323,51.5,103,32,114,165,1,604,14.57%,4,Jul,2013,2013-07-01T04:00:00.000Z,207
2013-07-25T04:00:00.000Z,723,79,423,581,78,139,623,117,75,270,58.5,117,25,133,301,0,606,16.18%,5,Jul,2013,2013-07-01T04:00:00.000Z,208
2013-07-26T04:00:00.000Z,619,80,336,502,77,139,895,82,77,311,41,82,35,127,226,0,537,13.25%,6,Jul,2013,2013-07-01T04:00:00.000Z,209
2013-07-29T04:00:00.000Z,855,66,360,700,65,110,545,124,60,223,62,124,31,120,239,0,731,14.5%,2,Jul,2013,2013-07-01T04:00:00.000Z,210
2013-07-30T04:00:00.000Z,863,65,441,723,65,111,719,110,57,180,55,110,30,105,270,0,753,12.75%,3,Jul,2013,2013-07-01T04:00:00.000Z,211
2013-07-31T04:00:00.000Z,629,41,265,567,38,121,683,50,58,176,25,50,11,110,176,0,578,7.96%,4,Jul,2013,2013-07-01T04:00:00.000Z,212
2013-08-01T04:00:00.000Z,869,68,338,713,69,117,681,138,61,312,69,138,18,101,179,0,731,15.88%,5,Aug,2013,2013-08-01T04:00:00.000Z,213
2013-08-02T04:00:00.000Z,576,35,354,511,33,127,1236,60,42,215,30,60,5,111,171,0,516,10.42%,6,Aug,2013,2013-08-01T04:00:00.000Z,214
2014-05-01T04:00:00.000Z,960,42,270,860,39,122,663,87,55,230,43.5,87,13,113,145,0,873,9.06%,5,May,2014,2014-05-01T04:00:00.000Z,215
2013-08-05T04:00:00.000Z,777,154,651,482,172,115,575,216,121,540,108,216,79,139,375,0,561,27.8%,2,Aug,2013,2013-08-01T04:00:00.000Z,216
2014-05-02T04:00:00.000Z,762,28,202,707,26,121,734,47,43,130,23.5,47,8,91,130,0,715,6.17%,6,May,2014,2014-05-01T04:00:00.000Z,217
2013-08-06T04:00:00.000Z,800,66,372,668,63,119,710,105,68,234,52.5,105,27,123,213,0,695,13.13%,3,Aug,2013,2013-08-01T04:00:00.000Z,218
2014-05-05T04:00:00.000Z,993,39,217,881,37,119,705,101,48,155,50.5,101,11,109,183,0,892,10.17%,2,May,2014,2014-05-01T04:00:00.000Z,219
2014-05-06T04:00:00.000Z,744,19,183,701,18,125,732,38,31,95,19,38,5,110,126,0,706,5.11%,3,May,2014,2014-05-01T04:00:00.000Z,220
2013-08-07T04:00:00.000Z,642,48,267,572,45,124,1218,58,68,267,29,58,12,118,250,0,584,9.03%,4,Aug,2013,2013-08-01T04:00:00.000Z,221
2014-05-07T04:00:00.000Z,783,50,437,679,46,129,652,92,67,221,46,92,12,118,195,0,691,11.75%,4,May,2014,2014-05-01T04:00:00.000Z,222
2013-08-08T04:00:00.000Z,603,54,342,520,52,137,777,67,58,267,33.5,67,16,109,261,0,536,11.11%,5,Aug,2013,2013-08-01T04:00:00.000Z,223
2013-08-09T04:00:00.000Z,494,30,254,459,28,122,611,32,50,150,16,32,3,83,85,0,462,6.48%,6,Aug,2013,2013-08-01T04:00:00.000Z,224
2014-05-08T04:00:00.000Z,644,21,199,597,19,142,648,42,39,174,21,42,5,120,178,0,602,6.52%,5,May,2014,2014-05-01T04:00:00.000Z,225
2013-08-12T04:00:00.000Z,721,46,310,646,43,123,900,63,70,230,31.5,63,11,101,214,1,657,8.75%,2,Aug,2013,2013-08-01T04:00:00.000Z,226
2014-05-09T04:00:00.000Z,489,9,153,476,9,130,634,13,14,52,6.5,13,0,0,0,0,476,2.66%,6,May,2014,2014-05-01T04:00:00.000Z,227
2013-08-13T04:00:00.000Z,722,32,226,673,30,129,970,41,51,174,20.5,41,8,96,149,0,681,5.68%,3,Aug,2013,2013-08-01T04:00:00.000Z,228
2014-05-12T04:00:00.000Z,939,33,250,861,32,128,801,74,48,169,37,74,4,100,133,0,865,7.88%,2,May,2014,2014-05-01T04:00:00.000Z,229
2013-08-14T04:00:00.000Z,587,34,309,536,30,134,866,45,65,248,22.5,45,6,108,144,0,542,7.67%,4,Aug,2013,2013-08-01T04:00:00.000Z,230
2014-05-13T04:00:00.000Z,793,20,178,754,18,131,940,34,42,156,17,34,5,116,166,0,759,4.29%,3,May,2014,2014-05-01T04:00:00.000Z,231
2014-05-14T04:00:00.000Z,591,12,191,569,11,136,1349,21,32,122,10.5,21,1,90,90,0,570,3.55%,4,May,2014,2014-05-01T04:00:00.000Z,232
2013-08-15T04:00:00.000Z,506,16,160,477,14,142,1036,26,43,154,13,26,3,123,128,0,480,5.14%,5,Aug,2013,2013-08-01T04:00:00.000Z,233
2014-05-15T04:00:00.000Z,514,6,108,497,6,131,709,17,6,44,8.5,17,0,0,0,0,497,3.31%,5,May,2014,2014-05-01T04:00:00.000Z,234
2013-08-16T04:00:00.000Z,553,24,227,519,21,132,571,20,39,133,10,20,3,113,130,11,522,3.69%,6,Aug,2013,2013-08-01T04:00:00.000Z,235
2014-05-16T04:00:00.000Z,502,60,645,393,48,128,726,87,80,383,43.5,86,22,200,645,0,415,17.33%,6,May,2014,2014-05-01T04:00:00.000Z,236
2013-08-19T04:00:00.000Z,701,41,460,641,40,128,731,51,49,156,25.5,51,9,99,120,0,650,7.28%,2,Aug,2013,2013-08-01T04:00:00.000Z,237
2014-05-19T04:00:00.000Z,1013,43,267,914,40,121,587,83,59,267,41.5,83,16,124,182,0,930,8.19%,2,May,2014,2014-05-01T04:00:00.000Z,238
2013-08-20T04:00:00.000Z,746,41,251,681,39,133,785,58,55,233,29,58,7,114,173,0,688,7.77%,3,Aug,2013,2013-08-01T04:00:00.000Z,239
2014-05-20T04:00:00.000Z,862,40,374,776,38,117,581,71,50,273,35.5,71,15,121,242,0,791,8.24%,3,May,2014,2014-05-01T04:00:00.000Z,240
2013-08-21T04:00:00.000Z,544,18,202,522,18,135,744,22,19,116,11,22,0,0,0,0,522,4.04%,4,Aug,2013,2013-08-01T04:00:00.000Z,241
2014-05-21T04:00:00.000Z,717,11,150,699,10,126,566,18,19,93,9,18,0,0,0,0,699,2.51%,4,May,2014,2014-05-01T04:00:00.000Z,242
2013-08-22T04:00:00.000Z,684,36,463,634,34,133,615,44,63,247,22,44,6,92,124,0,640,6.43%,5,Aug,2013,2013-08-01T04:00:00.000Z,243
2013-08-23T04:00:00.000Z,413,17,275,398,15,149,839,11,65,275,5.5,11,4,100,135,0,402,2.66%,6,Aug,2013,2013-08-01T04:00:00.000Z,244
2014-05-22T04:00:00.000Z,796,30,281,743,27,131,806,44,60,281,22,44,9,113,175,0,752,5.53%,5,May,2014,2014-05-01T04:00:00.000Z,245
2013-08-26T04:00:00.000Z,758,34,293,678,33,127,753,71,43,183,35.5,71,9,108,147,0,687,9.37%,2,Aug,2013,2013-08-01T04:00:00.000Z,246
2014-05-23T04:00:00.000Z,675,17,158,643,16,123,608,32,36,110,16,32,0,0,0,0,643,4.74%,6,May,2014,2014-05-01T04:00:00.000Z,247
2013-08-27T04:00:00.000Z,677,34,319,626,31,136,919,44,54,183,22,44,7,113,172,0,633,6.5%,3,Aug,2013,2013-08-01T04:00:00.000Z,248
2014-05-27T04:00:00.000Z,1109,49,289,955,47,118,744,138,57,228,69,138,16,105,152,0,971,12.44%,3,May,2014,2014-05-01T04:00:00.000Z,249
2013-08-28T04:00:00.000Z,502,11,132,488,11,130,679,13,12,65,6.5,13,1,93,93,0,489,2.59%,4,Aug,2013,2013-08-01T04:00:00.000Z,250
2014-05-28T04:00:00.000Z,902,27,213,845,25,122,794,51,52,141,25.5,51,6,92,135,0,851,5.65%,4,May,2014,2014-05-01T04:00:00.000Z,251
2013-08-29T04:00:00.000Z,482,13,288,471,13,131,905,10,33,113,5,10,1,96,96,0,472,2.07%,5,Aug,2013,2013-08-01T04:00:00.000Z,252
2014-05-29T04:00:00.000Z,840,21,246,795,19,125,877,42,47,234,21,42,3,99,123,0,798,5%,5,May,2014,2014-05-01T04:00:00.000Z,253
2013-08-30T04:00:00.000Z,526,35,186,480,33,117,1085,40,54,142,,40,6,91,107,,486,7.6%,6,Aug,2013,2013-08-01T04:00:00.000Z,254
2014-05-30T04:00:00.000Z,824,30,350,763,28,121,808,55,48,175,27.5,55,6,140,252,0,769,6.67%,6,May,2014,2014-05-01T04:00:00.000Z,255
2013-09-03T04:00:00.000Z,993,60,336,781,58,118,672,181,55,264,90.5,181,31,119,238,0,812,18.23%,3,Sep,2013,2013-09-01T04:00:00.000Z,256
2014-06-02T04:00:00.000Z,921,31,315,855,29,123,703,55,36,145,27.5,55,11,106,178,0,866,5.97%,2,Jun,2014,2014-06-01T04:00:00.000Z,257
2013-09-04T04:00:00.000Z,638,63,319,540,61,122,611,83,63,264,41.5,83,15,109,180,0,555,13.01%,4,Sep,2013,2013-09-01T04:00:00.000Z,258
2014-06-03T04:00:00.000Z,909,53,301,800,51,131,955,91,57,222,45.5,91,18,109,235,0,818,10.01%,3,Jun,2014,2014-06-01T04:00:00.000Z,259
2013-09-05T04:00:00.000Z,680,54,720,584,51,126,688,85,64,467,42.5,85,11,106,163,0,595,12.5%,5,Sep,2013,2013-09-01T04:00:00.000Z,260
2014-06-04T04:00:00.000Z,661,21,226,627,19,131,593,33,52,176,16.5,33,1,86,86,0,628,4.99%,4,Jun,2014,2014-06-01T04:00:00.000Z,261
2013-09-06T04:00:00.000Z,530,34,400,476,33,133,1370,52,48,187,26,52,2,105,129,0,478,9.81%,6,Sep,2013,2013-09-01T04:00:00.000Z,262
2014-06-05T04:00:00.000Z,589,16,165,568,16,133,752,21,32,101,10.5,21,0,0,0,0,568,3.57%,5,Jun,2014,2014-06-01T04:00:00.000Z,263
2013-09-09T04:00:00.000Z,928,125,685,626,137,137,852,225,92,425,112.5,225,77,124,309,0,703,24.25%,2,Sep,2013,2013-09-01T04:00:00.000Z,264
2014-06-06T04:00:00.000Z,609,32,284,563,29,127,899,44,57,284,22,44,2,78,82,0,565,7.22%,6,Jun,2014,2014-06-01T04:00:00.000Z,265
2014-06-09T04:00:00.000Z,1013,47,503,896,44,118,1406,98,64,453,49,98,19,115,172,0,915,9.67%,2,Jun,2014,2014-06-01T04:00:00.000Z,266
2013-09-10T04:00:00.000Z,665,39,275,602,38,136,540,58,47,152,29,58,5,104,141,0,607,8.72%,3,Sep,2013,2013-09-01T04:00:00.000Z,267
2014-06-10T04:00:00.000Z,743,25,235,688,22,127,701,46,44,186,23,46,9,128,174,0,697,6.19%,3,Jun,2014,2014-06-01T04:00:00.000Z,268
2013-09-11T04:00:00.000Z,549,33,310,507,32,133,657,40,41,154,20,40,2,104,122,0,509,7.29%,4,Sep,2013,2013-09-01T04:00:00.000Z,269
2014-06-11T04:00:00.000Z,641,35,346,582,34,123,595,53,40,248,26.5,53,6,103,123,0,588,8.27%,4,Jun,2014,2014-06-01T04:00:00.000Z,270
2013-09-12T04:00:00.000Z,609,44,412,532,40,133,771,63,60,248,31.5,63,14,132,237,0,546,10.34%,5,Sep,2013,2013-09-01T04:00:00.000Z,271
2014-06-12T04:00:00.000Z,572,9,290,553,9,139,838,19,20,87,9.5,19,0,0,0,0,553,3.32%,5,Jun,2014,2014-06-01T04:00:00.000Z,272
2013-09-13T04:00:00.000Z,633,23,200,585,22,132,660,46,35,139,23,46,2,87,92,0,587,7.27%,6,Sep,2013,2013-09-01T04:00:00.000Z,273
2013-09-16T04:00:00.000Z,624,33,294,559,31,134,818,58,45,180,29,58,7,97,140,0,566,9.29%,2,Sep,2013,2013-09-01T04:00:00.000Z,274
2014-06-13T04:00:00.000Z,476,9,194,465,8,135,792,10,21,64,5,10,1,91,91,0,466,2.1%,6,Jun,2014,2014-06-01T04:00:00.000Z,275
2013-09-17T04:00:00.000Z,606,30,280,543,26,136,544,54,60,229,27,54,9,101,140,0,552,8.91%,3,Sep,2013,2013-09-01T04:00:00.000Z,276
2014-06-16T04:00:00.000Z,779,26,189,728,25,134,657,46,35,134,23,46,5,109,130,0,733,5.91%,2,Jun,2014,2014-06-01T04:00:00.000Z,277
2013-09-18T04:00:00.000Z,674,35,252,614,32,133,1272,51,53,185,25.5,51,9,112,137,0,623,7.57%,4,Sep,2013,2013-09-01T04:00:00.000Z,278
2014-06-17T04:00:00.000Z,667,14,231,638,14,123,653,27,20,87,13.5,27,1,184,184,1,639,4.05%,3,Jun,2014,2014-06-01T04:00:00.000Z,279
2013-09-19T04:00:00.000Z,494,16,225,467,15,124,792,25,34,134,12.5,25,2,83,87,0,469,5.06%,5,Sep,2013,2013-09-01T04:00:00.000Z,280
2014-06-18T04:00:00.000Z,633,13,197,605,12,128,679,26,24,149,13,26,2,140,171,0,607,4.11%,4,Jun,2014,2014-06-01T04:00:00.000Z,281
2013-09-20T04:00:00.000Z,451,16,172,421,14,131,663,28,32,130,14,28,2,107,115,0,423,6.21%,6,Sep,2013,2013-09-01T04:00:00.000Z,282
2014-06-19T04:00:00.000Z,706,20,300,655,19,134,1152,46,25,120,23,46,5,94,127,0,660,6.52%,5,Jun,2014,2014-06-01T04:00:00.000Z,283
2013-09-23T04:00:00.000Z,688,34,243,627,31,120,734,55,51,199,27.5,55,6,136,218,0,633,7.99%,2,Sep,2013,2013-09-01T04:00:00.000Z,284
2014-06-20T04:00:00.000Z,545,23,295,506,21,132,793,38,43,207,19,38,1,87,87,0,507,6.97%,6,Jun,2014,2014-06-01T04:00:00.000Z,285
2013-09-24T04:00:00.000Z,568,21,197,547,20,135,745,20,37,111,10,20,1,175,175,0,548,3.52%,3,Sep,2013,2013-09-01T04:00:00.000Z,286
2014-06-23T04:00:00.000Z,817,26,1391,761,22,125,704,52,74,1391,26,52,4,106,153,0,765,6.36%,2,Jun,2014,2014-06-01T04:00:00.000Z,287
2014-06-24T04:00:00.000Z,635,18,308,612,17,136,1671,22,35,131,11,22,1,308,308,0,613,3.46%,3,Jun,2014,2014-06-01T04:00:00.000Z,288
2014-06-25T04:00:00.000Z,638,17,240,612,16,125,692,25,28,131,12.5,25,1,83,83,0,613,3.92%,4,Jun,2014,2014-06-01T04:00:00.000Z,289
2014-06-26T04:00:00.000Z,673,31,264,624,29,134,857,45,45,264,22.5,45,4,119,133,0,628,6.69%,5,Jun,2014,2014-06-01T04:00:00.000Z,290
2014-06-27T04:00:00.000Z,580,22,231,542,20,129,604,36,36,133,18,36,2,101,124,0,544,6.21%,6,Jun,2014,2014-06-01T04:00:00.000Z,291
2014-06-30T04:00:00.000Z,716,13,252,699,13,133,871,15,25,134,7.5,15,2,87,88,0,701,2.09%,2,Jun,2014,2014-06-01T04:00:00.000Z,292
2014-07-01T04:00:00.000Z,1142,33,651,1018,29,113,735,114,59,651,57,114,10,92,111,0,1028,9.98%,3,Jul,2014,2014-07-01T04:00:00.000Z,293
2014-07-02T04:00:00.000Z,834,27,216,776,26,124,675,56,34,113,28,56,2,91,103,0,778,6.71%,4,Jul,2014,2014-07-01T04:00:00.000Z,294
2014-07-03T04:00:00.000Z,713,10,145,692,10,120,628,21,31,129,10.5,21,0,0,0,0,692,2.95%,5,Jul,2014,2014-07-01T04:00:00.000Z,295
2014-07-07T04:00:00.000Z,1100,37,355,1001,36,121,818,94,53,217,47,94,5,93,118,0,1006,8.55%,2,Jul,2014,2014-07-01T04:00:00.000Z,296
2014-07-08T04:00:00.000Z,825,22,184,783,21,125,1206,39,33,97,19.5,39,3,112,123,0,786,4.73%,3,Jul,2014,2014-07-01T04:00:00.000Z,297
2013-09-25T04:00:00.000Z,429,18,176,399,16,144,1276,26,40,134,13,26,3,98,138,0,402,6.07%,4,Sep,2013,2013-09-01T04:00:00.000Z,298
2014-07-09T04:00:00.000Z,832,25,213,771,25,117,733,59,29,110,29.5,59,2,89,97,0,773,7.09%,4,Jul,2014,2014-07-01T04:00:00.000Z,299
2013-09-26T04:00:00.000Z,567,27,191,524,27,129,655,41,31,137,20.5,41,2,107,132,0,526,7.23%,5,Sep,2013,2013-09-01T04:00:00.000Z,300
2014-07-10T04:00:00.000Z,709,28,317,668,26,126,1464,34,50,175,17,34,7,105,131,0,675,4.8%,5,Jul,2014,2014-07-01T04:00:00.000Z,301
2014-07-11T04:00:00.000Z,737,20,181,701,20,127,637,36,34,132,18,36,0,0,0,0,701,4.88%,6,Jul,2014,2014-07-01T04:00:00.000Z,302
2013-09-27T04:00:00.000Z,476,16,171,450,15,130,627,25,31,132,12.5,25,1,129,129,0,451,5.25%,6,Sep,2013,2013-09-01T04:00:00.000Z,303
2013-09-30T04:00:00.000Z,613,33,443,572,31,130,940,30,40,224,15,30,11,105,146,0,583,4.89%,2,Sep,2013,2013-09-01T04:00:00.000Z,304
2013-10-01T04:00:00.000Z,509,28,312,481,26,141,970,26,55,180,13,26,2,126,170,0,483,5.11%,3,Oct,2013,2013-10-01T04:00:00.000Z,305
2013-10-02T04:00:00.000Z,601,36,387,538,34,126,666,52,39,190,26,52,11,148,387,0,549,8.65%,4,Oct,2013,2013-10-01T04:00:00.000Z,306
2013-10-03T04:00:00.000Z,511,20,251,482,19,132,613,29,31,141,14.5,29,0,0,0,0,482,5.68%,5,Oct,2013,2013-10-01T04:00:00.000Z,307
2013-10-04T04:00:00.000Z,505,13,212,474,12,126,635,29,24,104,14.5,29,1,87,87,0,475,5.75%,6,Oct,2013,2013-10-01T04:00:00.000Z,308
2013-10-07T04:00:00.000Z,607,54,431,507,51,123,691,90,63,401,45,90,10,140,275,0,517,14.83%,2,Oct,2013,2013-10-01T04:00:00.000Z,309
2013-10-08T04:00:00.000Z,646,29,272,597,26,130,784,43,57,262,21.5,43,6,102,152,0,603,6.66%,3,Oct,2013,2013-10-01T04:00:00.000Z,310
2013-10-09T04:00:00.000Z,640,42,450,571,40,129,744,53,56,252,26.5,53,16,96,157,0,587,8.28%,4,Oct,2013,2013-10-01T04:00:00.000Z,311
2013-10-10T04:00:00.000Z,623,29,218,576,27,138,578,41,35,131,20.5,41,6,116,154,0,582,6.58%,5,Oct,2013,2013-10-01T04:00:00.000Z,312
2013-10-11T04:00:00.000Z,490,16,194,478,15,121,667,12,46,130,6,12,0,0,0,0,478,2.45%,6,Oct,2013,2013-10-01T04:00:00.000Z,313
2013-10-14T04:00:00.000Z,698,31,257,645,30,117,616,47,45,189,23.5,47,6,90,97,0,651,6.73%,2,Oct,2013,2013-10-01T04:00:00.000Z,314
2013-10-15T04:00:00.000Z,528,27,355,487,25,128,699,37,48,266,18.5,37,4,123,147,0,491,7.01%,3,Oct,2013,2013-10-01T04:00:00.000Z,315
2013-10-16T04:00:00.000Z,529,17,241,503,16,132,1096,26,30,138,13,26,0,0,0,0,503,4.91%,4,Oct,2013,2013-10-01T04:00:00.000Z,316
2013-10-17T04:00:00.000Z,435,9,147,421,9,128,1815,14,16,147,7,14,0,0,0,0,421,3.22%,5,Oct,2013,2013-10-01T04:00:00.000Z,317
2013-10-18T04:00:00.000Z,542,30,243,496,28,115,874,39,49,188,19.5,39,7,92,137,0,503,7.2%,6,Oct,2013,2013-10-01T04:00:00.000Z,318
2013-10-21T04:00:00.000Z,628,47,260,547,43,120,842,66,68,222,33,66,15,113,166,0,562,10.51%,2,Oct,2013,2013-10-01T04:00:00.000Z,319
2013-10-22T04:00:00.000Z,541,25,228,496,23,126,1276,40,39,173,20,40,5,92,126,0,501,7.39%,3,Oct,2013,2013-10-01T04:00:00.000Z,320
2013-10-23T04:00:00.000Z,491,22,433,450,19,137,913,35,51,283,17.5,35,5,138,350,1,455,7.14%,4,Oct,2013,2013-10-01T04:00:00.000Z,321
2014-07-14T04:00:00.000Z,887,22,185,834,21,119,633,49,36,146,24.5,49,4,114,152,0,838,5.52%,2,Jul,2014,2014-07-01T04:00:00.000Z,322
2013-10-24T04:00:00.000Z,494,15,164,467,15,130,689,26,18,57,13,26,0,0,0,1,467,5.27%,5,Oct,2013,2013-10-01T04:00:00.000Z,323
2014-07-15T04:00:00.000Z,696,14,157,669,13,126,703,23,16,90,11.5,23,4,102,131,0,673,3.3%,3,Jul,2014,2014-07-01T04:00:00.000Z,324
2013-10-25T04:00:00.000Z,384,9,156,364,8,124,543,20,22,139,10,20,0,0,0,0,364,5.21%,6,Oct,2013,2013-10-01T04:00:00.000Z,325
2014-07-16T04:00:00.000Z,611,9,109,593,9,123,964,18,19,95,9,18,0,0,0,0,593,2.95%,4,Jul,2014,2014-07-01T04:00:00.000Z,326
2014-07-17T04:00:00.000Z,695,15,169,674,14,131,1675,20,50,169,10,20,1,79,79,0,675,2.88%,5,Jul,2014,2014-07-01T04:00:00.000Z,327
2013-10-28T04:00:00.000Z,628,25,568,590,22,125,602,34,66,568,17,34,4,108,184,0,594,5.41%,2,Oct,2013,2013-10-01T04:00:00.000Z,328
2014-07-18T04:00:00.000Z,503,9,94,490,9,135,726,13,19,94,6.5,13,0,0,0,0,490,2.58%,6,Jul,2014,2014-07-01T04:00:00.000Z,329
2014-07-21T04:00:00.000Z,746,29,202,682,29,130,943,60,31,150,30,60,4,102,130,0,686,8.04%,2,Jul,2014,2014-07-01T04:00:00.000Z,330
2013-10-29T04:00:00.000Z,514,15,179,498,14,121,696,16,42,142,8,16,0,0,0,0,498,3.11%,3,Oct,2013,2013-10-01T04:00:00.000Z,331
2014-07-22T04:00:00.000Z,559,8,114,542,8,125,679,17,12,72,8.5,17,0,0,0,0,542,3.04%,3,Jul,2014,2014-07-01T04:00:00.000Z,332
2013-10-30T04:00:00.000Z,473,25,237,440,23,126,636,31,42,149,15.5,31,2,106,128,0,442,6.55%,4,Oct,2013,2013-10-01T04:00:00.000Z,333
2013-10-31T04:00:00.000Z,570,18,210,539,17,123,797,30,25,136,15,30,1,124,124,0,540,5.26%,5,Oct,2013,2013-10-01T04:00:00.000Z,334
2014-07-23T04:00:00.000Z,542,16,213,517,15,129,668,24,37,209,12,24,1,80,80,0,518,4.43%,4,Jul,2014,2014-07-01T04:00:00.000Z,335
2013-11-01T04:00:00.000Z,557,20,193,523,19,132,740,33,36,156,16.5,33,1,107,107,0,524,5.92%,6,Nov,2013,2013-11-01T04:00:00.000Z,336
2014-07-24T04:00:00.000Z,570,15,247,552,15,135,839,16,27,100,8,16,1,80,80,0,553,2.81%,5,Jul,2014,2014-07-01T04:00:00.000Z,337
2013-11-04T05:00:00.000Z,784,45,229,703,44,126,640,70,46,199,35,70,11,112,184,0,714,8.93%,2,Nov,2013,2013-11-01T04:00:00.000Z,338
2014-07-25T04:00:00.000Z,456,9,132,439,9,124,791,17,14,59,8.5,17,0,0,0,0,439,3.73%,6,Jul,2014,2014-07-01T04:00:00.000Z,339
2013-11-05T05:00:00.000Z,631,27,483,589,25,123,528,35,41,142,17.5,35,7,118,230,0,596,5.55%,3,Nov,2013,2013-11-01T04:00:00.000Z,340
2014-07-28T04:00:00.000Z,671,20,175,643,19,129,717,27,28,148,13.5,27,1,123,123,0,644,4.02%,2,Jul,2014,2014-07-01T04:00:00.000Z,341
2013-11-06T05:00:00.000Z,566,16,204,537,15,115,663,27,30,165,13.5,27,2,81,82,0,539,4.77%,4,Nov,2013,2013-11-01T04:00:00.000Z,342
2014-07-29T04:00:00.000Z,552,9,168,536,8,134,514,16,19,84,8,16,0,0,0,0,536,2.9%,3,Jul,2014,2014-07-01T04:00:00.000Z,343
2013-11-07T05:00:00.000Z,678,45,332,600,44,123,1034,68,46,319,34,68,10,109,140,0,610,10.03%,5,Nov,2013,2013-11-01T04:00:00.000Z,344
2014-07-30T04:00:00.000Z,449,7,110,437,7,132,713,12,16,73,6,12,0,0,0,0,437,2.67%,4,Jul,2014,2014-07-01T04:00:00.000Z,345
2013-11-08T05:00:00.000Z,495,12,140,482,12,128,932,12,24,99,6,12,1,80,80,0,483,2.42%,6,Nov,2013,2013-11-01T04:00:00.000Z,346
2014-07-31T04:00:00.000Z,517,10,157,504,10,123,639,13,22,157,6.5,13,0,0,0,0,504,2.51%,5,Jul,2014,2014-07-01T04:00:00.000Z,347
2013-11-12T05:00:00.000Z,849,41,294,771,39,112,618,72,52,242,36,72,6,139,227,0,777,8.48%,3,Nov,2013,2013-11-01T04:00:00.000Z,348
2014-08-01T04:00:00.000Z,512,7,118,496,7,127,860,16,12,118,8,16,0,0,0,0,496,3.13%,6,Aug,2014,2014-08-01T04:00:00.000Z,349
2013-11-13T05:00:00.000Z,654,20,220,631,20,112,587,23,31,178,11.5,23,0,0,0,0,631,3.52%,4,Nov,2013,2013-11-01T04:00:00.000Z,350
2014-08-04T04:00:00.000Z,679,14,221,655,14,126,596,23,23,82,11.5,23,1,150,150,0,656,3.39%,2,Aug,2014,2014-08-01T04:00:00.000Z,351
2013-11-14T05:00:00.000Z,681,26,229,641,24,114,722,39,47,229,19.5,39,1,78,78,0,642,5.73%,5,Nov,2013,2013-11-01T04:00:00.000Z,352
2014-08-05T04:00:00.000Z,495,9,87,482,9,132,573,13,10,38,6.5,13,0,0,0,0,482,2.63%,3,Aug,2014,2014-08-01T04:00:00.000Z,353
2013-11-15T05:00:00.000Z,615,30,200,567,29,118,523,45,38,148,22.5,45,3,124,153,0,570,7.32%,6,Nov,2013,2013-11-01T04:00:00.000Z,354
2014-08-06T04:00:00.000Z,571,10,178,554,10,127,726,17,24,178,8.5,17,0,0,0,0,554,2.98%,4,Aug,2014,2014-08-01T04:00:00.000Z,355
2013-11-18T05:00:00.000Z,720,29,258,667,26,117,1060,47,52,228,23.5,47,6,110,142,0,673,6.53%,2,Nov,2013,2013-11-01T04:00:00.000Z,356
2014-08-07T04:00:00.000Z,452,13,156,434,11,127,522,16,43,144,8,16,2,105,128,0,436,3.54%,5,Aug,2014,2014-08-01T04:00:00.000Z,357
2013-11-19T05:00:00.000Z,807,38,259,722,36,123,596,76,47,231,38,76,9,108,173,0,731,9.42%,3,Nov,2013,2013-11-01T04:00:00.000Z,358
2014-08-08T04:00:00.000Z,271,12,215,265,12,143,801,6,9,44,3,6,0,0,0,0,265,2.21%,6,Aug,2014,2014-08-01T04:00:00.000Z,359
2013-11-20T05:00:00.000Z,677,33,330,622,31,123,1072,47,49,330,23.5,47,8,107,152,0,630,6.94%,4,Nov,2013,2013-11-01T04:00:00.000Z,360
2014-08-11T04:00:00.000Z,620,9,153,599,9,123,664,20,16,99,10,20,1,130,130,0,600,3.23%,2,Aug,2014,2014-08-01T04:00:00.000Z,361
2013-11-21T05:00:00.000Z,727,47,351,623,42,117,816,92,67,338,46,92,12,151,305,0,635,12.65%,5,Nov,2013,2013-11-01T04:00:00.000Z,362
2014-08-12T04:00:00.000Z,603,26,4533,563,9,136,923,33,134,2235,16.5,21,7,857,4533,0,570,5.47%,3,Aug,2014,2014-08-01T04:00:00.000Z,363
2013-11-22T05:00:00.000Z,580,19,209,555,18,120,1019,23,36,151,11.5,23,2,142,209,0,557,3.97%,6,Nov,2013,2013-11-01T04:00:00.000Z,364
2014-08-13T04:00:00.000Z,447,11,1091,421,7,129,612,26,65,1091,13,26,0,0,0,0,421,5.82%,4,Aug,2014,2014-08-01T04:00:00.000Z,365
2013-11-25T05:00:00.000Z,509,11,114,499,11,121,549,10,14,100,5,10,0,0,0,0,499,1.96%,2,Nov,2013,2013-11-01T04:00:00.000Z,366
2014-08-14T04:00:00.000Z,410,7,133,395,7,127,721,15,18,84,7.5,15,0,0,0,0,395,3.66%,5,Aug,2014,2014-08-01T04:00:00.000Z,367
2013-11-26T05:00:00.000Z,427,16,248,412,15,116,954,15,39,135,7.5,15,0,0,0,0,412,3.51%,3,Nov,2013,2013-11-01T04:00:00.000Z,368
2014-08-15T04:00:00.000Z,409,8,174,395,8,122,583,14,24,174,7,14,0,0,0,0,395,3.42%,6,Aug,2014,2014-08-01T04:00:00.000Z,369
2013-11-27T05:00:00.000Z,300,6,117,293,5,124,615,7,11,41,3.5,7,0,0,0,0,293,2.33%,4,Nov,2013,2013-11-01T04:00:00.000Z,370
2014-08-18T04:00:00.000Z,744,22,277,698,21,119,653,42,35,218,21,42,4,135,178,0,702,5.65%,2,Aug,2014,2014-08-01T04:00:00.000Z,371
2013-12-02T05:00:00.000Z,1084,57,555,926,54,107,692,129,65,238,64.5,129,29,122,280,0,955,11.9%,2,Dec,2013,2013-12-01T05:00:00.000Z,372
2014-08-19T04:00:00.000Z,567,14,207,543,14,129,788,23,24,84,11.5,23,1,98,98,0,544,4.06%,3,Aug,2014,2014-08-01T04:00:00.000Z,373
2013-12-03T05:00:00.000Z,826,40,251,752,39,110,588,66,42,150,33,66,8,98,131,0,760,7.99%,3,Dec,2013,2013-12-01T05:00:00.000Z,374
2014-08-20T04:00:00.000Z,587,43,555,517,38,141,1396,57,68,300,28.5,57,12,136,300,0,529,9.73%,4,Aug,2014,2014-08-01T04:00:00.000Z,375
2013-12-04T05:00:00.000Z,608,35,224,555,33,113,776,47,55,175,23.5,47,6,106,134,0,561,7.73%,4,Dec,2013,2013-12-01T05:00:00.000Z,376
2014-08-21T04:00:00.000Z,562,22,324,535,21,136,601,22,39,124,11,22,5,87,112,0,540,3.91%,5,Aug,2014,2014-08-01T04:00:00.000Z,377
2013-12-05T05:00:00.000Z,800,35,262,726,33,120,888,66,45,216,33,66,8,101,137,0,734,8.25%,5,Dec,2013,2013-12-01T05:00:00.000Z,378
2014-08-22T04:00:00.000Z,484,10,167,465,10,129,520,19,17,96,9.5,19,0,0,0,0,465,3.93%,6,Aug,2014,2014-08-01T04:00:00.000Z,379
2013-12-06T05:00:00.000Z,609,25,264,577,25,126,812,30,27,102,15,30,2,108,128,0,579,4.93%,6,Dec,2013,2013-12-01T05:00:00.000Z,380
2014-08-25T04:00:00.000Z,517,12,168,504,11,130,638,12,21,80,6,12,1,168,168,0,505,2.32%,2,Aug,2014,2014-08-01T04:00:00.000Z,381
2014-08-26T04:00:00.000Z,486,10,131,478,9,131,1108,7,16,104,3.5,7,1,121,121,0,479,1.44%,3,Aug,2014,2014-08-01T04:00:00.000Z,382
2014-08-27T04:00:00.000Z,561,18,236,545,17,132,682,14,53,172,7,14,2,100,124,0,547,2.5%,4,Aug,2014,2014-08-01T04:00:00.000Z,383
2014-08-28T04:00:00.000Z,568,9,164,559,9,131,999,8,26,93,4,8,1,123,123,0,560,1.41%,5,Aug,2014,2014-08-01T04:00:00.000Z,384
2014-08-29T04:00:00.000Z,515,12,179,499,12,124,516,16,30,86,8,16,0,0,0,0,499,3.11%,6,Aug,2014,2014-08-01T04:00:00.000Z,385
2014-09-02T04:00:00.000Z,733,25,268,692,24,126,915,38,50,146,19,38,3,94,127,0,695,5.18%,3,Sep,2014,2014-09-01T04:00:00.000Z,386
2014-09-03T04:00:00.000Z,662,17,218,633,15,119,588,28,40,180,14,28,1,104,104,0,634,4.23%,4,Sep,2014,2014-09-01T04:00:00.000Z,387
2014-09-04T04:00:00.000Z,581,8,173,569,7,124,656,11,45,163,5.5,11,1,173,173,0,570,1.89%,5,Sep,2014,2014-09-01T04:00:00.000Z,388
2014-09-05T04:00:00.000Z,661,8,182,600,8,104,577,61,6,50,30.5,61,0,0,0,0,600,9.23%,6,Sep,2014,2014-09-01T04:00:00.000Z,389
2014-09-08T04:00:00.000Z,753,20,337,725,19,125,1487,28,42,337,14,28,0,0,0,0,725,3.72%,2,Sep,2014,2014-09-01T04:00:00.000Z,390
2014-09-09T04:00:00.000Z,539,8,160,528,8,137,1164,11,7,46,5.5,11,0,0,0,0,528,2.04%,3,Sep,2014,2014-09-01T04:00:00.000Z,391
2014-09-10T04:00:00.000Z,542,7,178,532,7,121,589,10,5,28,5,10,0,0,0,0,532,1.85%,4,Sep,2014,2014-09-01T04:00:00.000Z,392
2014-09-11T04:00:00.000Z,457,7,112,446,7,124,747,11,17,112,5.5,11,0,0,0,0,446,2.41%,5,Sep,2014,2014-09-01T04:00:00.000Z,393
2014-09-12T04:00:00.000Z,464,6,186,451,6,124,975,13,31,186,6.5,13,0,0,0,0,451,2.8%,6,Sep,2014,2014-09-01T04:00:00.000Z,394
2014-09-15T04:00:00.000Z,546,11,231,531,10,129,601,15,23,110,7.5,15,0,0,0,0,531,2.75%,2,Sep,2014,2014-09-01T04:00:00.000Z,395
2014-09-16T04:00:00.000Z,449,12,201,434,11,122,1014,15,24,82,7.5,15,0,0,0,0,434,3.34%,3,Sep,2014,2014-09-01T04:00:00.000Z,396
2014-09-17T04:00:00.000Z,505,20,382,474,17,120,530,31,58,239,15.5,31,0,0,0,0,474,6.14%,4,Sep,2014,2014-09-01T04:00:00.000Z,397
2014-09-18T04:00:00.000Z,452,16,250,428,15,123,681,24,32,110,12,24,0,0,0,0,428,5.31%,5,Sep,2014,2014-09-01T04:00:00.000Z,398
2014-09-19T04:00:00.000Z,375,7,150,364,7,123,694,11,2,6,5.5,11,0,0,0,0,364,2.93%,6,Sep,2014,2014-09-01T04:00:00.000Z,399
2014-09-22T04:00:00.000Z,588,24,292,552,22,133,633,36,49,213,18,36,0,0,0,0,552,6.12%,2,Sep,2014,2014-09-01T04:00:00.000Z,400
2014-09-23T04:00:00.000Z,449,17,301,434,16,132,1080,15,41,279,7.5,15,0,0,0,0,434,3.34%,3,Sep,2014,2014-09-01T04:00:00.000Z,401
2014-09-24T04:00:00.000Z,419,13,233,400,12,126,808,19,39,233,9.5,19,0,0,0,0,400,4.53%,4,Sep,2014,2014-09-01T04:00:00.000Z,402
2014-09-25T04:00:00.000Z,534,14,159,507,14,130,1171,27,28,122,13.5,27,0,0,0,0,507,5.06%,5,Sep,2014,2014-09-01T04:00:00.000Z,403
2015-03-18T04:00:00.000Z,611,17,218,582,15,117,547,26,35,125,13,26,3,152,196,0,585,4.26%,4,Mar,2015,2015-03-01T05:00:00.000Z,404
2014-09-26T04:00:00.000Z,446,11,181,431,11,128,604,15,17,98,7.5,15,0,0,0,0,431,3.36%,6,Sep,2014,2014-09-01T04:00:00.000Z,405
2015-03-19T04:00:00.000Z,483,11,131,462,11,117,498,21,9,43,10.5,21,0,0,0,0,462,4.35%,5,Mar,2015,2015-03-01T05:00:00.000Z,406
2014-09-29T04:00:00.000Z,661,26,259,607,24,136,865,52,42,259,26,52,2,126,164,0,609,7.87%,2,Sep,2014,2014-09-01T04:00:00.000Z,407
2014-09-30T04:00:00.000Z,587,28,250,532,26,146,1445,52,46,190,26,52,3,105,142,0,535,8.86%,3,Sep,2014,2014-09-01T04:00:00.000Z,408
2015-03-20T04:00:00.000Z,405,9,133,391,9,123,483,14,9,41,7,14,0,0,0,0,391,3.46%,6,Mar,2015,2015-03-01T05:00:00.000Z,409
2014-10-01T04:00:00.000Z,724,31,390,642,29,143,1063,73,43,226,36.5,73,9,120,166,0,651,10.08%,4,Oct,2014,2014-10-01T04:00:00.000Z,410
2015-03-23T04:00:00.000Z,539,21,214,504,19,124,635,35,43,141,17.5,35,0,0,0,0,504,6.49%,2,Mar,2015,2015-03-01T05:00:00.000Z,411
2015-03-24T04:00:00.000Z,535,12,131,521,12,115,596,14,19,124,7,14,0,0,0,0,521,2.62%,3,Mar,2015,2015-03-01T05:00:00.000Z,412
2014-10-02T04:00:00.000Z,488,16,205,461,15,151,747,26,37,134,13,26,1,80,80,0,462,5.33%,5,Oct,2014,2014-10-01T04:00:00.000Z,413
2015-03-25T04:00:00.000Z,500,13,223,476,12,119,730,23,38,165,11.5,23,1,128,128,0,477,4.6%,4,Mar,2015,2015-03-01T05:00:00.000Z,414
2014-10-03T04:00:00.000Z,493,21,243,458,18,149,1071,30,50,243,15,30,5,134,212,0,463,6.09%,6,Oct,2014,2014-10-01T04:00:00.000Z,415
2015-03-26T04:00:00.000Z,484,13,220,463,13,119,671,21,25,156,10.5,21,0,0,0,0,463,4.34%,5,Mar,2015,2015-03-01T05:00:00.000Z,416
2014-10-06T04:00:00.000Z,607,20,274,576,18,130,603,27,49,132,13.5,27,4,129,200,0,580,4.45%,2,Oct,2014,2014-10-01T04:00:00.000Z,417
2015-03-27T04:00:00.000Z,384,21,293,364,19,123,652,19,57,293,9.5,19,1,102,102,0,365,4.95%,6,Mar,2015,2015-03-01T05:00:00.000Z,418
2014-10-07T04:00:00.000Z,584,15,175,558,14,131,569,26,28,98,13,26,0,0,0,0,558,4.45%,3,Oct,2014,2014-10-01T04:00:00.000Z,419
2014-10-08T04:00:00.000Z,551,20,275,517,18,198,28890,31,28,177,15.5,31,3,129,160,0,520,5.63%,4,Oct,2014,2014-10-01T04:00:00.000Z,420
2015-03-30T04:00:00.000Z,700,22,171,656,21,115,735,41,33,132,20.5,41,3,110,124,0,659,5.86%,2,Mar,2015,2015-03-01T05:00:00.000Z,421
2015-03-31T04:00:00.000Z,664,21,419,630,20,115,769,29,39,124,14.5,29,4,109,125,0,634,4.37%,3,Mar,2015,2015-03-01T05:00:00.000Z,422
2014-10-09T04:00:00.000Z,536,20,235,511,19,134,992,24,40,167,12,24,1,115,115,0,512,4.48%,5,Oct,2014,2014-10-01T04:00:00.000Z,423
2014-10-10T04:00:00.000Z,504,19,242,476,19,114,536,28,24,76,14,28,0,0,0,0,476,5.56%,6,Oct,2014,2014-10-01T04:00:00.000Z,424
2015-04-01T04:00:00.000Z,690,20,191,651,19,115,790,39,41,178,19.5,39,0,0,0,0,651,5.65%,4,Apr,2015,2015-04-01T04:00:00.000Z,425
2014-10-13T04:00:00.000Z,526,21,241,493,20,125,1098,32,41,150,16,32,1,150,150,0,494,6.08%,2,Oct,2014,2014-10-01T04:00:00.000Z,426
2015-04-02T04:00:00.000Z,602,18,166,576,17,111,462,26,28,115,13,26,0,0,0,0,576,4.32%,5,Apr,2015,2015-04-01T04:00:00.000Z,427
2015-04-03T04:00:00.000Z,423,11,211,413,11,115,544,9,12,62,4.5,9,1,80,80,0,414,2.13%,6,Apr,2015,2015-04-01T04:00:00.000Z,428
2014-10-14T04:00:00.000Z,510,17,190,478,16,126,542,31,32,133,15.5,31,1,125,125,0,479,6.08%,3,Oct,2014,2014-10-01T04:00:00.000Z,429
2015-04-06T04:00:00.000Z,831,22,167,790,21,97,606,39,32,129,19.5,39,2,110,135,0,792,4.69%,2,Apr,2015,2015-04-01T04:00:00.000Z,430
2014-10-15T04:00:00.000Z,517,12,352,495,11,134,624,20,41,185,10,20,2,116,118,0,497,3.87%,4,Oct,2014,2014-10-01T04:00:00.000Z,431
2015-04-07T04:00:00.000Z,674,24,320,628,24,114,603,45,26,160,22.5,45,1,85,85,0,629,6.68%,3,Apr,2015,2015-04-01T04:00:00.000Z,432
2014-10-16T04:00:00.000Z,499,13,421,478,11,135,878,21,72,421,10.5,21,0,0,0,0,478,4.21%,5,Oct,2014,2014-10-01T04:00:00.000Z,433
2015-04-08T04:00:00.000Z,557,17,337,529,16,114,417,28,41,337,14,28,0,0,0,0,529,5.03%,4,Apr,2015,2015-04-01T04:00:00.000Z,434
2014-10-17T04:00:00.000Z,483,8,124,468,8,135,628,15,15,118,7.5,15,0,0,0,0,468,3.11%,6,Oct,2014,2014-10-01T04:00:00.000Z,435
2015-04-09T04:00:00.000Z,540,18,192,507,17,119,576,32,31,100,16,32,1,109,109,0,508,5.93%,5,Apr,2015,2015-04-01T04:00:00.000Z,436
2014-10-20T04:00:00.000Z,679,17,175,646,17,124,621,33,30,125,16.5,33,0,0,0,0,646,4.86%,2,Oct,2014,2014-10-01T04:00:00.000Z,437
2015-04-10T04:00:00.000Z,504,21,313,480,20,117,441,23,28,150,11.5,23,1,140,140,0,481,4.56%,6,Apr,2015,2015-04-01T04:00:00.000Z,438
2014-10-21T04:00:00.000Z,533,10,158,523,9,141,935,10,49,139,5,10,0,0,0,0,523,1.88%,3,Oct,2014,2014-10-01T04:00:00.000Z,439
2015-04-13T04:00:00.000Z,881,35,244,809,33,107,657,67,48,189,33.5,67,5,101,121,0,814,7.6%,2,Apr,2015,2015-04-01T04:00:00.000Z,440
2014-10-22T04:00:00.000Z,463,10,157,447,9,129,489,15,25,137,7.5,15,1,118,118,0,448,3.24%,4,Oct,2014,2014-10-01T04:00:00.000Z,441
2015-04-14T04:00:00.000Z,764,32,294,688,29,113,845,71,53,241,35.5,71,5,114,154,0,693,9.29%,3,Apr,2015,2015-04-01T04:00:00.000Z,442
2014-10-23T04:00:00.000Z,498,13,137,474,13,136,1197,24,18,98,12,24,0,0,0,0,474,4.82%,5,Oct,2014,2014-10-01T04:00:00.000Z,443
2015-04-15T04:00:00.000Z,634,30,189,582,29,111,623,49,37,119,24.5,49,3,86,91,0,585,7.73%,4,Apr,2015,2015-04-01T04:00:00.000Z,444
2014-10-24T04:00:00.000Z,424,7,98,415,7,134,1264,9,16,85,4.5,9,0,0,0,0,415,2.12%,6,Oct,2014,2014-10-01T04:00:00.000Z,445
2015-04-16T04:00:00.000Z,566,32,292,515,29,121,902,47,58,245,23.5,47,4,130,151,0,519,8.3%,5,Apr,2015,2015-04-01T04:00:00.000Z,446
2014-10-27T04:00:00.000Z,680,16,423,657,14,135,831,22,50,423,11,22,1,89,89,0,658,3.24%,2,Oct,2014,2014-10-01T04:00:00.000Z,447
2015-04-17T04:00:00.000Z,613,24,331,560,21,115,1064,50,56,271,25,50,3,107,134,0,563,8.16%,6,Apr,2015,2015-04-01T04:00:00.000Z,448
2014-10-28T04:00:00.000Z,635,11,142,622,11,132,674,13,11,89,6.5,13,0,0,0,0,622,2.05%,3,Oct,2014,2014-10-01T04:00:00.000Z,449
2014-10-29T04:00:00.000Z,431,13,279,414,11,132,686,16,49,209,8,16,1,87,87,0,415,3.71%,4,Oct,2014,2014-10-01T04:00:00.000Z,450
2015-04-20T04:00:00.000Z,798,37,356,717,34,109,854,72,59,329,36,72,9,106,159,0,726,9.02%,2,Apr,2015,2015-04-01T04:00:00.000Z,451
2014-10-30T04:00:00.000Z,417,8,229,402,8,124,795,15,8,44,7.5,15,0,0,0,0,402,3.6%,5,Oct,2014,2014-10-01T04:00:00.000Z,452
2015-04-21T04:00:00.000Z,605,22,306,573,19,129,1440,31,73,271,15.5,31,1,193,193,0,574,5.12%,3,Apr,2015,2015-04-01T04:00:00.000Z,453
2015-04-22T04:00:00.000Z,503,11,133,492,11,120,721,10,31,112,5,10,1,86,86,0,493,1.99%,4,Apr,2015,2015-04-01T04:00:00.000Z,454
2014-10-31T04:00:00.000Z,440,5,82,433,5,120,596,7,4,22,3.5,7,0,0,0,0,433,1.59%,6,Oct,2014,2014-10-01T04:00:00.000Z,455
2015-04-23T04:00:00.000Z,542,11,138,528,11,124,1648,14,16,98,7,14,0,0,0,0,528,2.58%,5,Apr,2015,2015-04-01T04:00:00.000Z,456
2014-11-03T05:00:00.000Z,819,17,197,779,16,124,900,37,34,176,18.5,37,3,89,94,0,782,4.52%,2,Nov,2014,2014-11-01T04:00:00.000Z,457
2015-04-24T04:00:00.000Z,466,12,245,449,11,127,816,17,35,105,8.5,17,0,0,0,0,449,3.65%,6,Apr,2015,2015-04-01T04:00:00.000Z,458
2014-11-04T05:00:00.000Z,607,20,197,572,19,132,968,34,32,138,17,34,1,87,87,0,573,5.6%,3,Nov,2014,2014-11-01T04:00:00.000Z,459
2015-04-27T04:00:00.000Z,709,19,274,673,19,120,651,36,26,138,18,36,0,0,0,0,673,5.08%,2,Apr,2015,2015-04-01T04:00:00.000Z,460
2014-11-05T05:00:00.000Z,516,13,180,498,12,121,557,18,36,152,9,18,0,0,0,0,498,3.49%,4,Nov,2014,2014-11-01T04:00:00.000Z,461
2015-04-28T04:00:00.000Z,515,8,78,490,8,121,866,25,8,63,12.5,25,0,0,0,0,490,4.85%,3,Apr,2015,2015-04-01T04:00:00.000Z,462
2014-11-06T05:00:00.000Z,589,16,133,562,16,130,970,26,15,67,13,26,1,97,97,0,563,4.41%,5,Nov,2014,2014-11-01T04:00:00.000Z,463
2014-11-07T05:00:00.000Z,522,14,212,496,13,128,924,23,27,122,11.5,23,3,96,119,0,499,4.41%,6,Nov,2014,2014-11-01T04:00:00.000Z,464
2015-04-29T04:00:00.000Z,549,13,235,533,13,128,649,15,32,96,7.5,15,1,73,73,0,534,2.73%,4,Apr,2015,2015-04-01T04:00:00.000Z,465
2014-11-10T05:00:00.000Z,801,17,257,766,16,130,1014,34,32,98,17,34,1,105,105,0,767,4.24%,2,Nov,2014,2014-11-01T04:00:00.000Z,466
2015-04-30T04:00:00.000Z,595,22,248,561,21,127,589,33,35,144,16.5,33,1,91,91,0,562,5.55%,5,Apr,2015,2015-04-01T04:00:00.000Z,467
2014-11-12T05:00:00.000Z,791,20,174,765,20,117,822,25,37,100,12.5,25,1,97,97,0,766,3.16%,4,Nov,2014,2014-11-01T04:00:00.000Z,468
2015-05-01T04:00:00.000Z,574,18,158,542,17,114,571,32,32,149,16,32,0,0,0,0,542,5.57%,6,May,2015,2015-05-01T04:00:00.000Z,469
2014-11-13T05:00:00.000Z,648,14,155,610,14,128,610,37,12,73,18.5,37,1,82,82,0,611,5.71%,5,Nov,2014,2014-11-01T04:00:00.000Z,470
2015-05-04T04:00:00.000Z,708,30,207,659,29,111,600,48,42,124,24,48,1,127,127,0,660,6.78%,2,May,2015,2015-05-01T04:00:00.000Z,471
2014-11-14T05:00:00.000Z,534,12,223,514,12,131,815,20,30,173,10,20,0,0,0,0,514,3.75%,6,Nov,2014,2014-11-01T04:00:00.000Z,472
2014-11-17T05:00:00.000Z,653,21,1048,615,13,132,704,34,150,1048,17,34,3,135,228,1,618,5.21%,2,Nov,2014,2014-11-01T04:00:00.000Z,473
2015-05-05T04:00:00.000Z,635,22,295,593,21,111,581,38,36,140,19,38,4,106,137,0,597,5.98%,3,May,2015,2015-05-01T04:00:00.000Z,474
2015-05-06T04:00:00.000Z,519,14,254,492,12,124,845,26,41,254,13,26,1,98,98,0,493,5.01%,4,May,2015,2015-05-01T04:00:00.000Z,475
2014-11-18T05:00:00.000Z,501,8,312,488,7,134,948,11,11,41,5.5,11,2,226,240,0,490,2.2%,3,Nov,2014,2014-11-01T04:00:00.000Z,476
2015-05-07T04:00:00.000Z,587,20,217,553,18,128,721,31,33,134,15.5,31,3,116,135,0,556,5.28%,5,May,2015,2015-05-01T04:00:00.000Z,477
2014-11-19T05:00:00.000Z,409,10,156,385,10,124,485,24,20,156,12,24,0,0,0,0,385,5.87%,4,Nov,2014,2014-11-01T04:00:00.000Z,478
2014-11-20T05:00:00.000Z,473,11,153,453,11,137,818,20,26,131,10,20,0,0,0,0,453,4.23%,5,Nov,2014,2014-11-01T04:00:00.000Z,479
2015-05-08T04:00:00.000Z,511,14,178,486,13,122,737,24,32,107,12,24,1,134,134,0,487,4.7%,6,May,2015,2015-05-01T04:00:00.000Z,480
2014-11-21T05:00:00.000Z,397,13,237,384,12,144,1224,13,32,133,6.5,13,0,0,0,0,384,3.27%,6,Nov,2014,2014-11-01T04:00:00.000Z,481
2015-05-11T04:00:00.000Z,671,22,268,637,21,127,937,33,26,179,16.5,33,1,104,104,0,638,4.92%,2,May,2015,2015-05-01T04:00:00.000Z,482
2014-11-24T05:00:00.000Z,688,17,166,665,16,115,835,22,41,129,11,22,1,135,135,0,666,3.2%,2,Nov,2014,2014-11-01T04:00:00.000Z,483
2015-05-12T04:00:00.000Z,537,10,116,514,10,129,716,23,16,65,11.5,23,0,0,0,0,514,4.28%,3,May,2015,2015-05-01T04:00:00.000Z,484
2015-05-13T04:00:00.000Z,542,12,161,512,11,134,653,29,15,150,14.5,29,1,153,153,0,513,5.35%,4,May,2015,2015-05-01T04:00:00.000Z,485
2014-11-25T05:00:00.000Z,553,13,295,535,12,129,665,17,21,121,8.5,17,1,295,295,0,536,3.07%,3,Nov,2014,2014-11-01T04:00:00.000Z,486
2015-05-14T04:00:00.000Z,586,13,111,564,13,123,617,22,18,98,11,22,0,0,0,0,564,3.75%,5,May,2015,2015-05-01T04:00:00.000Z,487
2014-11-26T05:00:00.000Z,486,17,203,470,16,127,832,16,34,117,8,16,0,0,0,0,470,3.29%,4,Nov,2014,2014-11-01T04:00:00.000Z,488
2015-05-15T04:00:00.000Z,531,13,203,504,12,123,1370,26,22,136,13,26,1,91,91,0,505,4.9%,6,May,2015,2015-05-01T04:00:00.000Z,489
2014-12-01T05:00:00.000Z,997,45,337,906,43,146,26849,84,51,254,42,84,7,128,169,0,913,8.43%,2,Dec,2014,2014-12-01T05:00:00.000Z,490
2015-05-18T04:00:00.000Z,771,27,267,721,26,113,619,45,38,184,22.5,45,5,101,134,0,726,5.84%,2,May,2015,2015-05-01T04:00:00.000Z,491
2014-12-02T05:00:00.000Z,785,21,269,743,19,135,702,40,46,238,20,40,2,83,88,0,745,5.1%,3,Dec,2014,2014-12-01T05:00:00.000Z,492
2015-05-19T04:00:00.000Z,662,19,240,621,17,121,671,39,51,224,19.5,39,2,81,86,0,623,5.89%,3,May,2015,2015-05-01T04:00:00.000Z,493
2014-12-03T05:00:00.000Z,640,17,325,609,14,128,697,29,65,325,14.5,29,2,83,84,0,611,4.53%,4,Dec,2014,2014-12-01T05:00:00.000Z,494
2015-05-20T04:00:00.000Z,603,12,191,576,12,117,489,25,22,138,12.5,25,2,112,135,0,578,4.15%,4,May,2015,2015-05-01T04:00:00.000Z,495
2014-12-04T05:00:00.000Z,533,11,151,525,11,126,507,8,45,97,4,8,0,0,0,0,525,1.5%,5,Dec,2014,2014-12-01T05:00:00.000Z,496
2015-05-21T04:00:00.000Z,621,17,126,596,16,122,603,25,34,106,12.5,25,0,0,0,0,596,4.03%,5,May,2015,2015-05-01T04:00:00.000Z,497
2014-12-05T05:00:00.000Z,500,11,167,483,11,127,773,16,12,47,8,16,1,130,130,0,484,3.2%,6,Dec,2014,2014-12-01T05:00:00.000Z,498
2015-05-22T04:00:00.000Z,572,26,196,531,24,115,593,38,43,147,19,38,3,100,118,0,534,6.64%,6,May,2015,2015-05-01T04:00:00.000Z,499
2014-12-08T05:00:00.000Z,649,17,161,621,16,130,709,28,26,92,14,28,0,0,0,0,621,4.31%,2,Dec,2014,2014-12-01T05:00:00.000Z,500
2015-05-26T04:00:00.000Z,787,16,145,760,16,126,617,27,30,144,13.5,27,0,0,0,0,760,3.43%,3,May,2015,2015-05-01T04:00:00.000Z,501
2014-12-09T05:00:00.000Z,594,15,421,580,14,127,685,13,37,240,6.5,13,1,101,101,0,581,2.19%,3,Dec,2014,2014-12-01T05:00:00.000Z,502
2015-05-27T04:00:00.000Z,646,12,179,623,12,122,735,23,16,73,11.5,23,0,0,0,0,623,3.56%,4,May,2015,2015-05-01T04:00:00.000Z,503
2014-12-10T05:00:00.000Z,469,11,210,455,10,123,694,12,21,82,6,12,2,85,86,0,457,2.56%,4,Dec,2014,2014-12-01T05:00:00.000Z,504
2015-05-28T04:00:00.000Z,630,14,167,608,13,127,494,22,26,129,11,22,0,0,0,0,608,3.49%,5,May,2015,2015-05-01T04:00:00.000Z,505
2014-12-11T05:00:00.000Z,451,6,116,437,6,129,673,14,8,49,7,14,0,0,0,0,437,3.1%,5,Dec,2014,2014-12-01T05:00:00.000Z,506
2015-05-29T04:00:00.000Z,793,19,191,758,18,125,884,31,35,175,15.5,31,4,107,123,0,762,3.91%,6,May,2015,2015-05-01T04:00:00.000Z,507
2014-12-12T05:00:00.000Z,458,7,96,444,7,132,741,13,9,47,6.5,13,1,82,82,0,445,2.84%,6,Dec,2014,2014-12-01T05:00:00.000Z,508
2015-06-01T04:00:00.000Z,819,27,205,761,26,120,582,52,34,160,26,52,6,110,150,0,767,6.35%,2,Jun,2015,2015-06-01T04:00:00.000Z,509
2014-12-15T05:00:00.000Z,832,37,358,757,34,136,732,65,62,278,32.5,65,10,122,321,0,767,7.81%,2,Dec,2014,2014-12-01T05:00:00.000Z,510
2015-06-02T04:00:00.000Z,738,21,173,704,21,128,807,34,31,109,17,34,0,0,0,0,704,4.61%,3,Jun,2015,2015-06-01T04:00:00.000Z,511
2014-12-16T05:00:00.000Z,524,7,86,518,6,138,504,6,12,48,3,6,0,0,0,0,518,1.15%,3,Dec,2014,2014-12-01T05:00:00.000Z,512
2015-06-03T04:00:00.000Z,717,13,244,693,12,128,823,23,44,244,11.5,23,1,86,86,0,694,3.21%,4,Jun,2015,2015-06-01T04:00:00.000Z,513
2014-12-17T05:00:00.000Z,460,7,95,446,7,129,528,14,11,60,7,14,0,0,0,0,446,3.04%,4,Dec,2014,2014-12-01T05:00:00.000Z,514
2014-12-18T05:00:00.000Z,455,6,85,441,6,131,683,14,11,80,7,14,0,0,0,0,441,3.08%,5,Dec,2014,2014-12-01T05:00:00.000Z,515
2015-06-04T04:00:00.000Z,657,19,186,616,18,130,524,40,30,103,20,40,1,149,149,0,617,6.09%,5,Jun,2015,2015-06-01T04:00:00.000Z,516
2015-06-05T04:00:00.000Z,543,19,201,506,18,123,775,35,33,136,17.5,35,2,99,106,0,508,6.45%,6,Jun,2015,2015-06-01T04:00:00.000Z,517
2015-06-08T04:00:00.000Z,740,18,187,699,17,126,661,40,30,187,20,40,1,99,99,0,700,5.41%,2,Jun,2015,2015-06-01T04:00:00.000Z,518
2015-06-09T04:00:00.000Z,711,21,197,674,20,121,491,36,43,197,18,36,1,99,99,0,675,5.06%,3,Jun,2015,2015-06-01T04:00:00.000Z,519
2015-06-10T04:00:00.000Z,632,17,230,593,15,127,598,38,41,230,19,38,1,99,99,0,594,6.01%,4,Jun,2015,2015-06-01T04:00:00.000Z,520
2014-12-19T05:00:00.000Z,407,14,308,390,14,129,516,16,24,117,8,16,1,68,68,0,391,3.93%,6,Dec,2014,2014-12-01T05:00:00.000Z,521
2014-12-22T05:00:00.000Z,483,8,91,472,8,127,695,11,14,60,5.5,11,0,0,0,0,472,2.28%,2,Dec,2014,2014-12-01T05:00:00.000Z,522
2014-12-23T05:00:00.000Z,323,6,88,320,6,122,525,3,2,3,1.5,3,0,0,0,0,320,0.93%,3,Dec,2014,2014-12-01T05:00:00.000Z,523
2015-06-11T04:00:00.000Z,459,9,109,446,9,137,739,13,18,54,6.5,13,0,0,0,0,446,2.83%,5,Jun,2015,2015-06-01T04:00:00.000Z,524
2014-12-24T05:00:00.000Z,186,5,52,179,5,110,457,7,4,23,3.5,7,0,0,0,0,179,3.76%,4,Dec,2014,2014-12-01T05:00:00.000Z,525
2015-06-12T04:00:00.000Z,488,8,116,467,8,128,925,21,11,86,10.5,21,0,0,0,0,467,4.3%,6,Jun,2015,2015-06-01T04:00:00.000Z,526
2014-12-26T05:00:00.000Z,305,10,193,301,9,116,464,3,9,11,1.5,3,1,135,135,0,302,0.98%,6,Dec,2014,2014-12-01T05:00:00.000Z,527
2015-06-15T04:00:00.000Z,752,24,233,700,23,131,624,47,33,126,23.5,47,5,98,118,0,705,6.25%,2,Jun,2015,2015-06-01T04:00:00.000Z,528
2014-12-29T05:00:00.000Z,610,12,300,592,11,126,571,17,43,133,8.5,17,1,126,126,0,593,2.79%,2,Dec,2014,2014-12-01T05:00:00.000Z,529
2015-06-16T04:00:00.000Z,663,18,165,626,18,132,872,36,23,106,18,36,1,83,83,0,627,5.43%,3,Jun,2015,2015-06-01T04:00:00.000Z,530
2014-12-30T05:00:00.000Z,382,5,78,378,5,133,568,4,2,5,2,4,0,0,0,0,378,1.05%,3,Dec,2014,2014-12-01T05:00:00.000Z,531
2015-06-17T04:00:00.000Z,628,15,153,597,14,135,542,31,28,133,15.5,31,0,0,0,0,597,4.94%,4,Jun,2015,2015-06-01T04:00:00.000Z,532
2014-12-31T05:00:00.000Z,359,4,37,355,4,117,610,4,2,7,2,4,0,0,0,0,355,1.11%,4,Dec,2014,2014-12-01T05:00:00.000Z,533
2015-06-18T04:00:00.000Z,701,17,162,671,16,131,575,30,31,95,15,30,0,0,0,0,671,4.28%,5,Jun,2015,2015-06-01T04:00:00.000Z,534
2015-01-02T05:00:00.000Z,545,7,149,534,7,123,1978,11,7,46,5.5,11,0,0,0,0,534,2.02%,6,Jan,2015,2015-01-01T05:00:00.000Z,535
2015-06-19T04:00:00.000Z,588,21,208,553,20,131,657,35,43,150,17.5,35,0,0,0,0,553,5.95%,6,Jun,2015,2015-06-01T04:00:00.000Z,536
2015-01-05T05:00:00.000Z,681,15,180,656,14,121,780,23,24,121,11.5,23,2,131,169,0,658,3.38%,2,Jan,2015,2015-01-01T05:00:00.000Z,537
2015-06-22T04:00:00.000Z,659,13,245,635,13,131,802,24,25,245,12,24,0,0,0,0,635,3.64%,2,Jun,2015,2015-06-01T04:00:00.000Z,538
2015-01-06T05:00:00.000Z,454,7,107,443,6,126,594,11,12,107,5.5,11,0,0,0,0,443,2.42%,3,Jan,2015,2015-01-01T05:00:00.000Z,539
2015-06-23T04:00:00.000Z,575,11,174,562,11,132,746,13,23,80,6.5,13,0,0,0,0,562,2.26%,3,Jun,2015,2015-06-01T04:00:00.000Z,540
2015-01-07T05:00:00.000Z,395,5,63,385,5,126,600,10,7,38,5,10,0,0,0,0,385,2.53%,4,Jan,2015,2015-01-01T05:00:00.000Z,541
2015-06-24T04:00:00.000Z,651,22,208,598,21,138,689,53,33,109,26.5,53,0,0,0,0,598,8.14%,4,Jun,2015,2015-06-01T04:00:00.000Z,542
2015-06-25T04:00:00.000Z,731,30,264,673,29,131,824,55,40,168,27.5,55,3,129,164,0,676,7.52%,5,Jun,2015,2015-06-01T04:00:00.000Z,543
2015-01-08T05:00:00.000Z,406,10,213,396,9,132,719,10,26,946,5,10,0,0,0,0,396,2.46%,5,Jan,2015,2015-01-01T05:00:00.000Z,544
2015-06-26T04:00:00.000Z,626,20,183,583,20,132,1438,41,24,180,20.5,41,2,104,107,0,585,6.55%,6,Jun,2015,2015-06-01T04:00:00.000Z,545
2015-01-09T05:00:00.000Z,578,12,159,559,11,123,471,17,22,92,8.5,17,2,152,155,0,561,2.94%,6,Jan,2015,2015-01-01T05:00:00.000Z,546
2015-06-29T04:00:00.000Z,743,43,303,673,41,146,1599,63,57,175,31.5,63,7,98,138,0,680,8.48%,2,Jun,2015,2015-06-01T04:00:00.000Z,547
2015-01-12T05:00:00.000Z,764,15,255,731,14,118,737,30,31,140,15,30,3,117,175,0,734,3.93%,2,Jan,2015,2015-01-01T05:00:00.000Z,548
2015-06-30T04:00:00.000Z,798,38,472,723,37,137,752,73,40,185,36.5,73,2,86,93,0,725,9.15%,3,Jun,2015,2015-06-01T04:00:00.000Z,549
2015-01-13T05:00:00.000Z,495,10,346,487,10,137,561,8,14,36,4,8,0,0,0,0,487,1.62%,3,Jan,2015,2015-01-01T05:00:00.000Z,550
2015-07-01T04:00:00.000Z,649,28,653,595,25,142,939,47,43,218,23.5,47,7,136,203,0,602,7.24%,4,Jul,2015,2015-07-01T04:00:00.000Z,551
2015-01-14T05:00:00.000Z,504,9,119,486,8,120,534,17,13,95,8.5,17,1,119,119,0,487,3.37%,4,Jan,2015,2015-01-01T05:00:00.000Z,552
2015-07-02T04:00:00.000Z,609,33,268,562,32,140,629,47,46,171,23.5,47,0,0,0,0,562,7.72%,5,Jul,2015,2015-07-01T04:00:00.000Z,553
2015-01-15T05:00:00.000Z,525,9,104,511,9,133,1123,14,9,43,7,14,0,0,0,0,511,2.67%,5,Jan,2015,2015-01-01T05:00:00.000Z,554
2015-07-06T04:00:00.000Z,934,42,291,827,40,120,554,99,47,169,49.5,99,8,119,144,0,835,10.6%,2,Jul,2015,2015-07-01T04:00:00.000Z,555
2015-01-16T05:00:00.000Z,539,10,152,521,10,126,1718,18,15,152,9,18,0,0,0,0,521,3.34%,6,Jan,2015,2015-01-01T05:00:00.000Z,556
2015-07-07T04:00:00.000Z,698,13,155,663,12,132,595,34,21,130,17,34,1,85,85,0,664,4.87%,3,Jul,2015,2015-07-01T04:00:00.000Z,557
2015-01-20T05:00:00.000Z,942,30,200,878,29,109,847,60,43,139,30,60,4,110,132,0,882,6.37%,3,Jan,2015,2015-01-01T05:00:00.000Z,558
2015-07-08T04:00:00.000Z,652,11,113,632,10,127,693,20,18,70,10,20,0,0,0,0,632,3.07%,4,Jul,2015,2015-07-01T04:00:00.000Z,559
2015-01-21T05:00:00.000Z,636,10,162,614,10,127,657,22,15,155,11,22,0,0,0,0,614,3.46%,4,Jan,2015,2015-01-01T05:00:00.000Z,560
2015-07-09T04:00:00.000Z,744,28,226,701,27,140,1253,43,45,143,21.5,43,0,0,0,0,701,5.78%,5,Jul,2015,2015-07-01T04:00:00.000Z,561
2015-01-22T05:00:00.000Z,511,6,78,495,6,128,734,16,8,30,8,16,0,0,0,0,495,3.13%,5,Jan,2015,2015-01-01T05:00:00.000Z,562
2015-07-10T04:00:00.000Z,614,17,213,582,16,136,662,32,22,113,16,32,0,0,0,0,582,5.21%,6,Jul,2015,2015-07-01T04:00:00.000Z,563
2015-01-23T05:00:00.000Z,502,12,133,483,12,129,645,19,27,108,9.5,19,0,0,0,0,483,3.78%,6,Jan,2015,2015-01-01T05:00:00.000Z,564
2015-07-13T04:00:00.000Z,672,29,390,604,27,151,1113,66,43,390,33,66,2,99,107,0,606,9.82%,2,Jul,2015,2015-07-01T04:00:00.000Z,565
2015-01-26T05:00:00.000Z,608,12,162,590,12,128,1655,18,25,119,9,18,0,0,0,0,590,2.96%,2,Jan,2015,2015-01-01T05:00:00.000Z,566
2015-07-14T04:00:00.000Z,640,19,147,600,19,148,591,39,28,106,19.5,39,1,81,81,0,601,6.09%,3,Jul,2015,2015-07-01T04:00:00.000Z,567
2015-01-27T05:00:00.000Z,451,6,95,440,6,139,786,11,20,81,5.5,11,0,0,0,0,440,2.44%,3,Jan,2015,2015-01-01T05:00:00.000Z,568
2015-07-15T04:00:00.000Z,662,32,232,608,30,148,1284,53,47,166,26.5,53,1,93,93,0,609,8.01%,4,Jul,2015,2015-07-01T04:00:00.000Z,569
2015-01-28T05:00:00.000Z,505,15,742,484,13,126,1077,21,69,742,10.5,21,0,0,0,0,484,4.16%,4,Jan,2015,2015-01-01T05:00:00.000Z,570
2015-07-16T04:00:00.000Z,641,33,247,581,32,136,928,59,41,200,29.5,59,1,141,141,0,582,9.2%,5,Jul,2015,2015-07-01T04:00:00.000Z,571
2015-01-29T05:00:00.000Z,463,20,383,451,19,130,646,12,71,184,6,12,0,0,0,0,451,2.59%,5,Jan,2015,2015-01-01T05:00:00.000Z,572
2015-07-17T04:00:00.000Z,517,12,179,501,11,136,1078,15,29,154,7.5,15,1,96,96,0,502,2.9%,6,Jul,2015,2015-07-01T04:00:00.000Z,573
2015-01-30T05:00:00.000Z,528,13,185,499,12,129,717,27,20,95,13.5,27,2,86,89,0,501,5.11%,6,Jan,2015,2015-01-01T05:00:00.000Z,574
2015-07-20T04:00:00.000Z,813,45,232,713,43,137,742,96,53,195,48,96,4,119,146,0,717,11.81%,2,Jul,2015,2015-07-01T04:00:00.000Z,575
2015-02-02T05:00:00.000Z,917,19,141,868,18,107,644,47,38,134,23.5,47,2,94,106,0,870,5.13%,2,Feb,2015,2015-02-01T05:00:00.000Z,576
2015-07-21T04:00:00.000Z,642,13,152,623,13,132,542,19,7,38,9.5,19,0,0,0,0,623,2.96%,3,Jul,2015,2015-07-01T04:00:00.000Z,577
2015-02-03T05:00:00.000Z,800,30,229,724,27,117,521,67,53,213,33.5,67,9,112,196,0,733,8.38%,3,Feb,2015,2015-02-01T05:00:00.000Z,578
2015-07-22T04:00:00.000Z,577,21,203,545,20,136,758,30,31,115,15,30,2,127,129,0,547,5.2%,4,Jul,2015,2015-07-01T04:00:00.000Z,579
2015-07-23T04:00:00.000Z,567,13,149,546,12,139,803,20,34,138,10,20,1,86,86,0,547,3.53%,5,Jul,2015,2015-07-01T04:00:00.000Z,580
2015-02-04T05:00:00.000Z,705,18,226,655,16,116,708,49,41,178,24.5,49,1,107,107,0,656,6.95%,4,Feb,2015,2015-02-01T05:00:00.000Z,581
2015-07-24T04:00:00.000Z,533,25,207,497,25,126,573,36,27,82,18,36,0,0,0,0,497,6.75%,6,Jul,2015,2015-07-01T04:00:00.000Z,582
2015-02-05T05:00:00.000Z,617,22,198,580,20,112,499,36,50,136,18,36,1,86,86,0,581,5.83%,5,Feb,2015,2015-02-01T05:00:00.000Z,583
2015-07-27T04:00:00.000Z,725,19,211,696,18,136,974,28,44,125,14,28,1,100,100,0,697,3.86%,2,Jul,2015,2015-07-01T04:00:00.000Z,584
2015-02-06T05:00:00.000Z,459,11,496,447,11,128,651,12,14,63,6,12,0,0,0,0,447,2.61%,6,Feb,2015,2015-02-01T05:00:00.000Z,585
2015-07-28T04:00:00.000Z,632,20,231,607,19,133,671,25,33,123,12.5,25,0,0,0,0,607,3.96%,3,Jul,2015,2015-07-01T04:00:00.000Z,586
2015-02-09T05:00:00.000Z,653,13,752,634,12,125,585,18,64,752,9,18,1,107,107,0,635,2.76%,2,Feb,2015,2015-02-01T05:00:00.000Z,587
2015-07-29T04:00:00.000Z,584,10,194,566,9,130,533,17,28,194,8.5,17,1,131,131,0,567,2.91%,4,Jul,2015,2015-07-01T04:00:00.000Z,588
2015-02-10T05:00:00.000Z,539,15,284,525,14,132,638,14,26,89,7,14,0,0,0,0,525,2.6%,3,Feb,2015,2015-02-01T05:00:00.000Z,589
2015-07-30T04:00:00.000Z,746,34,604,681,31,128,732,62,62,604,31,62,3,83,90,0,684,8.31%,5,Jul,2015,2015-07-01T04:00:00.000Z,590
2015-02-11T05:00:00.000Z,468,11,189,453,10,132,535,15,22,127,7.5,15,0,0,0,0,453,3.21%,4,Feb,2015,2015-02-01T05:00:00.000Z,591
2015-07-31T04:00:00.000Z,569,26,226,527,26,129,1619,37,24,120,18.5,37,5,128,163,0,532,6.5%,6,Jul,2015,2015-07-01T04:00:00.000Z,592
2015-02-12T05:00:00.000Z,419,8,209,403,8,130,656,16,2,7,8,16,0,0,0,0,403,3.82%,5,Feb,2015,2015-02-01T05:00:00.000Z,593
2015-08-03T04:00:00.000Z,750,35,294,695,33,135,1138,49,46,115,24.5,49,6,154,294,0,701,6.53%,2,Aug,2015,2015-08-01T04:00:00.000Z,594
2015-02-13T05:00:00.000Z,394,8,218,380,8,132,1107,14,18,94,7,14,0,0,0,0,380,3.55%,6,Feb,2015,2015-02-01T05:00:00.000Z,595
2015-08-04T04:00:00.000Z,651,20,188,619,20,135,901,32,29,188,16,32,0,0,0,0,619,4.92%,3,Aug,2015,2015-08-01T04:00:00.000Z,596
2015-02-16T05:00:00.000Z,523,13,373,506,12,101,447,15,25,63,7.5,15,2,118,141,0,508,2.87%,2,Feb,2015,2015-02-01T05:00:00.000Z,597
2015-08-05T04:00:00.000Z,577,16,180,547,15,140,814,30,25,111,15,30,0,0,0,0,547,5.2%,4,Aug,2015,2015-08-01T04:00:00.000Z,598
2015-02-17T05:00:00.000Z,513,8,119,496,7,120,1386,16,20,95,8,16,1,102,102,0,497,3.12%,3,Feb,2015,2015-02-01T05:00:00.000Z,599
2015-08-06T04:00:00.000Z,624,21,185,597,21,136,642,27,33,127,13.5,27,0,0,0,0,597,4.33%,5,Aug,2015,2015-08-01T04:00:00.000Z,600
2015-02-18T05:00:00.000Z,441,7,224,429,6,121,498,12,23,224,6,12,0,0,0,0,429,2.72%,4,Feb,2015,2015-02-01T05:00:00.000Z,601
2015-08-07T04:00:00.000Z,501,15,151,481,14,130,657,19,40,125,9.5,19,1,124,124,0,482,3.79%,6,Aug,2015,2015-08-01T04:00:00.000Z,602
2015-02-19T05:00:00.000Z,464,17,345,442,16,118,688,21,41,345,10.5,21,1,87,87,0,443,4.53%,5,Feb,2015,2015-02-01T05:00:00.000Z,603
2015-08-10T04:00:00.000Z,719,22,167,678,21,133,907,39,29,151,19.5,39,2,83,86,0,680,5.42%,2,Aug,2015,2015-08-01T04:00:00.000Z,604
2015-02-20T05:00:00.000Z,405,9,279,388,8,124,960,17,32,279,8.5,17,0,0,0,0,388,4.2%,6,Feb,2015,2015-02-01T05:00:00.000Z,605
2015-08-11T04:00:00.000Z,635,11,206,604,10,139,800,30,27,206,15,30,1,166,166,0,605,4.72%,3,Aug,2015,2015-08-01T04:00:00.000Z,606
2015-02-23T05:00:00.000Z,597,12,227,576,11,121,546,20,20,146,10,20,1,186,186,0,577,3.35%,2,Feb,2015,2015-02-01T05:00:00.000Z,607
2015-08-12T04:00:00.000Z,504,9,157,496,9,136,562,8,16,39,4,8,0,0,0,0,496,1.59%,4,Aug,2015,2015-08-01T04:00:00.000Z,608
2015-08-13T04:00:00.000Z,521,9,229,506,8,130,951,15,36,229,7.5,15,0,0,0,0,506,2.88%,5,Aug,2015,2015-08-01T04:00:00.000Z,609
2015-02-24T05:00:00.000Z,416,8,204,402,7,128,808,14,14,59,7,14,0,0,0,0,402,3.37%,3,Feb,2015,2015-02-01T05:00:00.000Z,610
2015-08-14T04:00:00.000Z,568,14,143,542,13,132,736,26,31,122,13,26,0,0,0,0,542,4.58%,6,Aug,2015,2015-08-01T04:00:00.000Z,611
2015-02-25T05:00:00.000Z,404,10,201,386,9,119,426,18,24,151,9,18,0,0,0,0,386,4.46%,4,Feb,2015,2015-02-01T05:00:00.000Z,612
2015-08-17T04:00:00.000Z,727,24,317,686,24,132,861,38,29,109,19,38,3,85,88,0,689,5.23%,2,Aug,2015,2015-08-01T04:00:00.000Z,613
2015-02-26T05:00:00.000Z,401,10,189,393,10,123,668,7,6,24,3.5,7,1,118,118,0,394,1.75%,5,Feb,2015,2015-02-01T05:00:00.000Z,614
2015-02-27T05:00:00.000Z,451,16,212,430,15,121,600,21,33,150,10.5,21,0,0,0,0,430,4.66%,6,Feb,2015,2015-02-01T05:00:00.000Z,615
2015-08-18T04:00:00.000Z,586,8,308,566,8,133,827,20,9,63,10,20,0,0,0,0,566,3.41%,3,Aug,2015,2015-08-01T04:00:00.000Z,616
2015-03-02T05:00:00.000Z,468,19,615,439,17,115,749,28,31,180,14,28,1,282,282,0,440,5.98%,2,Mar,2015,2015-03-01T05:00:00.000Z,617
2015-08-19T04:00:00.000Z,571,12,205,550,11,134,464,21,18,205,10.5,21,0,0,0,0,550,3.68%,4,Aug,2015,2015-08-01T04:00:00.000Z,618
2015-03-03T05:00:00.000Z,515,8,155,500,8,129,549,14,12,107,7,14,1,155,155,0,501,2.72%,3,Mar,2015,2015-03-01T05:00:00.000Z,619
2015-08-20T04:00:00.000Z,566,23,535,537,22,128,670,28,49,195,14,28,1,89,89,0,538,4.95%,5,Aug,2015,2015-08-01T04:00:00.000Z,620
2015-03-04T05:00:00.000Z,463,9,120,452,9,125,588,11,11,42,5.5,11,0,0,0,0,452,2.38%,4,Mar,2015,2015-03-01T05:00:00.000Z,621
2015-08-21T04:00:00.000Z,463,20,296,426,19,133,592,34,27,106,17,34,3,110,120,0,429,7.34%,6,Aug,2015,2015-08-01T04:00:00.000Z,622
2015-03-05T05:00:00.000Z,449,9,134,444,9,132,780,5,8,35,2.5,5,0,0,0,0,444,1.11%,5,Mar,2015,2015-03-01T05:00:00.000Z,623
2015-08-24T04:00:00.000Z,733,25,276,679,24,130,982,53,39,148,26.5,53,1,276,276,0,680,7.23%,2,Aug,2015,2015-08-01T04:00:00.000Z,624
2015-03-06T05:00:00.000Z,406,8,127,393,8,129,1010,13,11,102,6.5,13,0,0,0,0,393,3.2%,6,Mar,2015,2015-03-01T05:00:00.000Z,625
2015-08-25T04:00:00.000Z,639,37,226,588,35,118,911,45,58,152,22.5,45,6,110,143,0,594,7.04%,3,Aug,2015,2015-08-01T04:00:00.000Z,626
2015-03-09T04:00:00.000Z,588,14,163,562,13,122,679,26,31,128,13,26,0,0,0,0,562,4.42%,2,Mar,2015,2015-03-01T05:00:00.000Z,627
2015-03-10T04:00:00.000Z,517,15,182,491,15,132,1130,26,27,182,13,26,0,0,0,0,491,5.03%,3,Mar,2015,2015-03-01T05:00:00.000Z,628
2015-08-26T04:00:00.000Z,489,15,199,472,14,127,594,17,42,92,8.5,17,0,0,0,0,472,3.48%,4,Aug,2015,2015-08-01T04:00:00.000Z,629
2015-03-11T04:00:00.000Z,471,9,116,459,9,123,670,12,29,103,6,12,0,0,0,0,459,2.55%,4,Mar,2015,2015-03-01T05:00:00.000Z,630
2015-08-27T04:00:00.000Z,566,20,153,549,19,136,692,17,24,101,8.5,17,0,0,0,0,549,3%,5,Aug,2015,2015-08-01T04:00:00.000Z,631
2015-03-12T04:00:00.000Z,461,15,238,439,15,132,1083,22,18,91,11,22,0,0,0,0,439,4.77%,5,Mar,2015,2015-03-01T05:00:00.000Z,632
2015-08-28T04:00:00.000Z,516,15,147,496,14,131,693,20,41,136,10,20,0,0,0,0,496,3.88%,6,Aug,2015,2015-08-01T04:00:00.000Z,633
2015-08-31T04:00:00.000Z,575,14,157,553,14,131,577,22,15,90,11,22,0,0,0,0,553,3.83%,2,Aug,2015,2015-08-01T04:00:00.000Z,634
2015-03-13T04:00:00.000Z,405,11,260,392,10,125,575,12,49,225,6,12,1,106,106,0,393,2.96%,6,Mar,2015,2015-03-01T05:00:00.000Z,635
2015-03-16T04:00:00.000Z,826,29,246,768,27,108,614,53,41,184,26.5,53,5,107,132,0,773,6.42%,2,Mar,2015,2015-03-01T05:00:00.000Z,636
2015-03-17T04:00:00.000Z,657,17,186,632,16,115,1220,25,43,151,12.5,25,0,0,0,0,632,3.81%,3,Mar,2015,2015-03-01T05:00:00.000Z,637
